STRIPNO,RMWIDTHTARGET,ENTRYTHICK,ENTRYWIDTH,SPTARGET,E2DRAFT_2,E2DRAFT_3,R2SPREAD_2,R2SPREAD_3,R2SPREAD_4,R4SPREAD_1,E2DOGSPREAD_2,E2DOGSPREAD_3
113453510300,922.4554443,50.74884033,922.62854,902.0723267,19.97320747,0.0,10.83556461,10.13015366,0.0,2.982010126,11.47844315,0.0
113454601400,985.2998047,56.95728302,985.3433228,972.2438354,25.29273033,0.0,9.852897644,9.134902954,0.0,3.083007813,15.20809078,0.0
113454601700,968.3793945,56.92976379,968.760498,957.8114014,23.04220581,0.0,9.812205315,9.120360374,0.0,2.988913774,13.45385075,0.0
113454601500,985.1307373,56.95705795,985.1109619,971.5120239,25.92855644,0.0,9.89980793,9.178769112000001,0.0,3.097428083,15.66412258,0.0
113455400500,975.4874268,57.96165848,975.7252197,964.1978149,22.22885513,0.0,9.550312996,8.846328735,0.0,2.949218988,13.12003708,0.0
113455607100,879.836792,57.06933975,879.9682617000002,877.5567627,19.8931942,0.0,8.572633742999999,7.876317023999999,0.0,3.038467407,11.7718277,0.0
113455606300,997.4147339,56.06928253,997.3621826,997.512146,19.89917755,0.0,8.373049736,7.678181171,0.0,3.0234298710000003,12.25439453,0.0
113453611600,990.6381226,56.00650406,990.8486938,979.4160156,19.96418953,0.0,8.84376049,8.141490936,0.0,2.957850933,11.90346909,0.0
113453611800,937.6469116,57.97523117,937.8405151,932.6381836000003,20.26032448,0.0,9.315810204,9.072297096,0.0,3.0001759530000003,11.89147949,0.0
113453610900,969.6673584,60.13618469,969.7958984,963.8349609,19.84583282,0.0,8.321879387000001,7.621887207,0.0,3.049210787,11.93841934,0.0
113454601600,985.0109863,56.95661163,985.0059814,971.4228516,25.89352417,0.0,9.912495612999999,9.193792343,0.0,3.102689505,15.64344025,0.0
113453611000,969.1328125,60.13603973,969.2529297,963.2402954,19.84201622,0.0,8.301430702000001,7.602762222000001,0.0,3.041130543,11.93290138,0.0
113454601300,993.2657471,60.00360870000001,993.4372559,981.1313477,23.78853989,0.0,9.634413719,8.907928467,0.0,3.014530897,14.24539566,0.0
113455400600,976.9384155,57.99668121,977.270813,970.0383911,19.99326324,0.0,9.136069297999999,8.449691772000001,0.0,2.934935331,11.78226185,0.0
113455606400,994.4994507,56.069664,994.4522095,993.9429321,19.89789772,0.0,8.389595032,7.694025992999999,0.0,3.0315330030000003,12.2374382,0.0
113455400700,976.1985474,57.96383667,976.5021973,968.5380859,21.36611557,0.0,9.45030117,8.748157501,0.0,2.9225280280000003,12.55130196,0.0
113455606700,894.6801757999998,57.02285004,894.7956542999998,884.2119751,19.99537277,0.0,9.035657882999999,8.335895537999999,0.0,3.036976099,11.97171688,0.0
113455400400,996.0783081,58.01630402,996.3795166,999.2073975,19.96333885,0.0,8.920096397,8.237196922,0.0,2.926826715,11.86256123,0.0
113455606600,994.604248,56.06921387,994.5618896,994.1377563,19.89682579,0.0,8.369335175,7.673825263999999,0.0,3.021500587,12.23434734,0.0
113455606500,995.187439,56.06964874,995.1416626,994.7996826,19.89695168,0.0,8.379364014,7.683886527999999,0.0,3.027785778,12.24041367,0.0
113455607200,879.2406616000002,57.06934357,879.4005127,876.9135132000001,19.89273453,0.0,8.599024773,7.907437325,0.0,3.054359198,11.76847744,0.0
113455606900,884.508667,58.11414719,884.7454833999999,917.1459961000003,35.0,0.0,8.132866859,7.472961426,0.0,3.010175228,20.57040405,0.0
113455606800,883.5733642999999,58.11432648,883.8213501,917.2122803,35.0,0.0,8.12791729,7.470303059,0.0,3.011589527,20.56449318,0.0
113456309100,949.8183594,50.86607361,950.1426392,942.1756592,21.02613258,0.0,9.449820518,7.915184021,0.0,2.946033239,12.23505878,0.0
113456309500,950.0477295,50.86600113,950.6027832,944.4384155,19.97278214,0.0,9.173792838999999,7.68413353,0.0,2.858910561,11.41443539,0.0
113455900100,921.9645386,51.46731567,921.4837036,923.0222168,33.38569260000001,19.92838478,6.715263844,6.6954069139999985,6.051574707,3.139791012,18.59224701,12.44909668
113455607000,883.7269287,58.03936768,883.9094848999998,873.3973999,19.96954155,0.0,8.963083267,8.259656906,0.0,3.015144348,11.82301426,0.0
113456309000,949.9030151,50.86548233,950.2723389,942.345459,20.50053787,0.0,9.398798943,7.873093605,0.0,2.929942131,11.93424511,0.0
113456800200,957.2866821,59.90283585,957.8831787,951.5192871,24.45706749,0.0,10.10734844,8.491272926,0.0,2.85913372,13.96659565,0.0
113456801000,883.1787108999998,56.88985825,883.5614624,874.8847046,22.37230492,0.0,9.851675987,8.735496521,0.0,2.97483182,13.08002663,0.0
113456801300,883.300293,56.93013000000001,883.5362549,876.7008667000001,21.22341156,0.0,9.500831604,8.375723838999999,0.0,2.961048841,12.50642967,0.0
113456800400,957.2666016,59.90257645,957.913269,951.9382935,23.83457756,0.0,10.04883862,8.44244194,0.0,2.842229128,13.55911732,0.0
113456801500,936.1546021,56.91566849,936.5345459,929.8486328,21.51402473,0.0,9.740733147,8.621617317,0.0,3.01675415,12.54440498,0.0
113456309300,950.7681274,50.86614227,951.2233276,944.276123,20.00128174,0.0,9.294571877000001,7.784449577,0.0,2.89661932,11.53284645,0.0
113456309600,950.8807983,50.86585236,951.4639893,945.3935547,19.9665947,0.0,9.14812851,7.664721012,0.0,2.853222847,11.41488838,0.0
113456309900,949.6693726,50.86559296,950.3841553,945.3803101,19.92401695,0.0,8.968889236,7.513485432,0.0,2.793623924,11.24343014,0.0
113456802100,842.7138672,60.03448868,843.59198,835.9707031,19.86155701,0.0,8.800046921,7.343133926,0.0,2.8437166210000004,10.89566326,0.0
113456802200,859.2109375,56.97512054,859.9824219000002,852.7222289999999,19.90695381,0.0,8.970087051,7.501490116,0.0,2.854700804,11.06961536,0.0
113456806600,999.6079102,57.96220016,1000.155884,998.5529785,19.94119835,0.0,8.960344315,7.906313896,0.0,2.854479074,11.68773651,0.0
113456309700,949.3638916,50.8661499,949.9747314,944.1773682,19.95962715,0.0,9.120005608,7.639395237,0.0,2.842553854,11.35445499,0.0
113456800100,957.3433838,59.90260696,957.9416504,951.5733643,24.50187683,0.0,10.1174078,8.500862122000001,0.0,2.8622400760000004,13.99266815,0.0
113456309400,950.7211304,50.8657608,952.0289917,948.5855713,19.78893089,0.0,8.521110535,7.140028954,0.0,2.65619278,10.40586758,0.0
113456800300,957.3959961000003,59.94435883,957.9746094,951.4448853,22.28555489,0.0,9.763228416,8.183062553,0.0,2.872976542,12.77116966,0.0
113456309200,950.9429932,50.86561203,951.3795166,944.0411987,20.00897217,0.0,9.327889442,7.815039157999999,0.0,2.9095568660000004,11.5953474,0.0
113456309800,949.3960571,50.86586761,950.0757446,944.6973267,19.93858337,0.0,9.038309097,7.574047565,0.0,2.819432497,11.29924393,0.0
113456800500,958.572876,59.9850769,959.2443237,953.4989624,19.98125267,0.0,9.258290291,7.74339962,0.0,2.838255644,11.39881992,0.0
113456800600,882.6555176,56.89044189,883.0051880000002,873.8898314999999,23.44999886,0.0,9.9688797,8.839289665,0.0,3.010914564,13.76635265,0.0
113456801100,883.0230103,56.89025116,883.4250488,874.8436278999999,22.22736931,0.0,9.839431763,8.724414825,0.0,2.97190237,12.98010826,0.0
113456800700,882.8848877,56.88978577,883.25,874.2096558000002,23.11847878,0.0,9.926381111,8.802959442,0.0,2.997989416,13.5765419,0.0
113456800800,882.8908081000002,56.89025116,883.2512816999998,874.1957397,23.17566681,0.0,9.935509682000001,8.810824393999999,0.0,3.001768112,13.6091032,0.0
113456801400,883.6311645999998,56.7967453,883.9091797,865.3663939999999,19.97179413,0.0,11.24142456,9.061912537000001,0.0,2.926363707,11.66857719,0.0
113456801200,883.4281616000002,56.89070511,883.7651978,875.3867798,22.52686882,0.0,9.755651474,8.618597983999999,0.0,2.9192109110000004,13.11400318,0.0
113456800900,882.9347534,56.89057159,883.3056641000002,874.2978516000002,23.10160446,0.0,9.934430122,8.807619095,0.0,3.00000453,13.52832317,0.0
113456801600,936.1343994,56.91509247,936.5307617,929.8922119,21.07199478,0.0,9.692006111,8.57997036,0.0,3.0018568039999995,12.29052544,0.0
113456801800,924.078064,59.85236359,924.4022217,908.4254761,19.96042061,0.0,11.11268234,8.995671272000001,0.0,2.9226293560000003,11.84970474,0.0
113456801900,843.9020995999998,60.03459167,844.78302,837.2385254,19.85935593,0.0,8.791171074,7.337309837,0.0,2.842251062,10.90161991,0.0
113456801700,924.1105957,59.85182953,924.4504395,908.770752,19.96271133,0.0,11.06258965,8.950865746,0.0,2.907610178,11.85100651,0.0
113456802000,842.7991332999999,60.03439713,843.2388916000001,832.8728027000002,19.98140335,0.0,9.255759239,7.724761963,0.0,2.993786812,11.44092369,0.0
113460007600,972.3303833,57.97217560000001,972.6681519,966.2018433,20.45224571,0.0,9.36914444,8.66468811,0.0,2.9197981360000003,11.93740082,0.0
113460010400,942.0740967,56.95680237,942.5078735,938.8989258,20.02070045,0.0,9.473685265,8.786978722,0.0,2.967709541,11.55142403,0.0
113456806700,949.9678345,59.90624237,950.4922485,942.1079712,25.96893311,0.0,10.32185936,8.680994987,0.0,2.939325809,14.95714664,0.0
113456806800,864.8154297,56.82303619,865.0996094000002,858.1152954,28.8134861,0.0,10.86723042,8.985265732,0.0,2.969040871,16.5896492,0.0
113456806900,843.201416,56.89208984,843.6682129000002,839.3514403999999,21.07406044,0.0,9.747475624,8.618053436,0.0,2.924983263,11.96240807,0.0
113460804600,951.1915283,57.56974029999999,951.2727661,964.6343994,23.93005562,19.76589203,5.877988815,5.834910393,5.246995449,3.052668095,12.72855568,11.70796299
113460007700,972.3527222,57.96726227,972.7107544,965.543457,20.5035038,0.0,9.394922256000001,8.69443512,0.0,2.915573359,11.96412373,0.0
113460013400,906.8029785,60.60771942,907.5478516,915.0721436,14.26851177,19.76725388,4.880777359,4.556527138,4.398182392,2.7855873110000005,7.382226467000001,11.10780239
113460009700,941.8400269,56.92694473,942.2144775,938.4989624,21.95638084,0.0,9.731545448,9.040101051,0.0,2.948464394,12.65008736,0.0
113461005200,995.1002197,58.09069824,995.2987061,996.8013306,19.81369209,0.0,8.185251236000001,7.515896797000001,0.0,2.930655718,11.90901375,0.0
113460804700,940.0953979,56.94720459,940.5818481,937.2017822,20.00858116,0.0,9.443632126,8.749390602,0.0,2.915721416,11.39911461,0.0
113460800100,965.2542114,57.57614136,966.2121582,977.3135986,12.38673973,19.71961403,4.769136906,4.457832813,4.31013298,2.790984869,6.225739479,10.77189541
113460107200,997.5958862,58.57616806,997.9295654,1009.387207,22.63519859,19.74199104,5.711520672000001,5.670825957999999,5.108431339,2.851565838,11.99963188,11.57352734
113460009800,941.5507202,56.92710876,941.9624634,938.3126831,21.70560646,0.0,9.741250037999999,9.056584358,0.0,2.9596769810000003,12.50146198,0.0
113460805200,917.9831543,56.91675568,918.1599731,910.2773438,25.64341927,0.0,9.980525017,9.273597717000001,0.0,2.98920846,15.25139236,0.0
113460013500,880.6939087000002,57.56719208,880.40979,884.104126,28.49747849,19.82728004,6.207403182999999,6.1615343089999985,5.555924416,3.14496088,15.51877117,12.09512711
113461005300,936.1869507,58.04979706,936.3557129,928.5720215,19.94703484,0.0,8.88621521,8.183215141,0.0,3.028986454,11.73054981,0.0
113460107300,995.8724976,58.5761261,996.3152466,1008.031677,21.48248672,19.73206329,5.627082347999999,5.586689949,5.034244061,2.8097729680000003,11.31747818,11.48570728
113460007800,972.4150391,57.96765518,972.7833252,965.614563,20.46273994,0.0,9.406056404,8.707657814,0.0,2.922817469,11.94072151,0.0
113460010500,942.1868896,56.92691422,942.6055298,939.2011719,21.49861145,0.0,9.698816299,9.010576248,0.0,2.942862034,12.37038898,0.0
113460009900,941.5422974,56.93743896,941.9338989,938.1781006,21.33302116,0.0,9.664629936,8.973968506,0.0,2.963801384,12.29422474,0.0
113460013600,842.9672241000002,60.60768127,843.1323853,847.359375,21.3559494,19.77463913,5.599715233,5.543173313,5.159843922,3.052913666,11.21781731,11.83573246
113460010000,941.7016602,56.93701172,942.0882568,938.4174805,21.31594658,0.0,9.636451721,8.941461562999999,0.0,2.948782682,12.27701378,0.0
113460010600,942.161377,56.93732452,942.5560303,939.0506592,21.23124123,0.0,9.629630088999999,8.933493614,0.0,2.947087049,12.21375942,0.0
113460013700,842.6105347000001,60.60769653,842.9589232999998,847.911499,18.94283676,19.78926849,5.532966137000001,5.476006985,4.918367386,3.016654491,9.772861481,11.32998466
113460013800,842.3155517999999,60.60771179,842.6735229000002,847.6454468000002,18.86136436,19.78791618,5.532279015,5.477005959,4.9207324980000005,3.02031064,9.729933739,11.32760525
113460800200,973.8938599,57.57686615,974.8309326,984.9066162,13.42649937,19.72494888,4.940236092,4.8796772960000006,4.379375458,2.772881985,6.72043848,10.76881218
113461101000,996.0401001,57.5723114,995.8092651,1000.113831,30.59194946,9.169453621,5.910109042999999,5.87130022,5.276525497,3.1468298439999995,17.02491951,5.717822075
113460106500,997.1633301,58.57204437,997.3591919,1003.419983,25.27446938,19.74826813,5.943295956,5.907990456,5.326481819,2.899507284,13.53792667,11.74263382
113460107400,995.5770874,58.57202911,995.9736938,1003.459778,22.97224808,19.74190331,5.7991981510000015,5.766905785,5.201737404,2.83537364,12.12062931,11.54214954
113461005400,928.805603,55.99611664,928.9206543,920.7030029,20.00967216,0.0,8.993029594,8.286604881,0.0,2.972043514,12.1075449,0.0
113460007900,931.8636475,57.92417908,932.2792969,923.944519,23.1397953,0.0,9.96335125,9.257884979,0.0,2.965476274,13.22791386,0.0
113460106600,997.0865479,58.57620239,997.0157471,1005.409973,27.31634331,19.75607872,6.019523144,5.976340294,5.379369259,3.001137733,14.91338348,11.97662544
113460010100,941.7849121,56.93703079,942.2271118,938.7269287,20.94984245,0.0,9.635537148,8.950118065,0.0,2.957404375,12.06052399,0.0
113460010700,936.9584351,56.92499924,937.40802,933.3919067,21.69309235,0.0,9.760359764,9.072137833,0.0,2.957025766,12.43418026,0.0
113461502300,869.1128539999999,57.56228638,868.8175659,871.7607422,30.15171814,19.82901955,6.491425037000001,6.462132454,5.827070236,3.227155209,16.32374954,12.06093216
113460008500,951.5522461000003,57.98578262,951.9316406,949.508606,20.00463295,0.0,9.32365799,8.631691932999999,0.0,2.962857485,11.61824512,0.0
113460010200,942.0522461000003,56.95650482,942.4484863,938.8591919,20.01858902,0.0,9.451557159,8.762685776,0.0,2.957112789,11.55061054,0.0
113460008700,951.5134277,57.95639038,951.8792114,949.5355225,21.27602768,0.0,9.58259201,8.881266594,0.0,2.945305109,12.32466316,0.0
113460804400,996.3695679,57.57232666,996.1062012,1000.021484,30.57003212,9.262757301,5.907444954,5.8629975320000005,5.265011787,3.133029222,17.01502419,5.775918961
113460009400,951.8735352,56.93217468,952.2575073,950.0444946,21.76429176,0.0,9.697813034,9.010969162,0.0,2.961676598,12.61965561,0.0
113460007400,972.7453002999997,56.93083191,973.0608521,965.7785645,23.06031609,0.0,9.709801674,9.011206627,0.0,2.949330807,13.49259472,0.0
113454600100,1262.869873,59.94017792,1263.263794,1250.58728,24.43218803,0.0,10.26977921,8.965895652999999,0.0,2.856408119,14.72738934,0.0
113453508900,1073.852051,60.13995361,1074.477661,1070.989258,19.59882355,0.0,7.713106632000001,7.066823959,0.0,2.844565392,11.41280651,0.0
113455000100,1229.638672,57.96324539,1229.819336,1215.922852,21.60148239,0.0,9.332438469,8.555533409,0.0,2.865438938,12.96396637,0.0
113455305000,1140.932373,57.94163513,1141.7092289999996,1136.888916,19.89743614,0.0,9.084049225,8.168450356000001,0.0,2.679754972,11.34509087,0.0
T-3453509846,1085.386841,52.512977600000006,1085.230103,1100.609253,26.1107254,19.68335724,5.804069519,5.775534153,5.301108837,3.1435375210000003,14.57529163,12.31610775
113453510200,1004.279785,50.97389984,1004.382446,987.9794922,19.91915321,0.0,8.527671814,7.857170582,0.0,2.991232157,12.05142021,0.0
113453509200,1095.139893,58.13890839,1095.342651,1094.293457,19.6459465,0.0,7.706716061,7.0557417870000005,0.0,2.9463443760000003,11.85853195,0.0
113453509000,1055.223877,58.01533508,1055.544556,1037.646851,19.97341728,0.0,9.020083427000001,8.32221508,0.0,2.952387094,11.77409077,0.0
113455503800,1460.702515,57.57720566,1460.238647,1455.626831,30.36664963,19.68260765,5.334807873,4.99711895,4.829289436,3.2311801910000004,19.38355637,13.57956886
113453509900,1078.799927,50.9397583,1079.084351,1075.098633,19.93416595,0.0,8.698827743999999,8.032417297,0.0,2.93389535,11.88261127,0.0
T-3454605750,1282.532959,55.55768585,1282.348267,1282.194702,19.71503067,19.62965012,5.019729614,4.965966225,4.445951462,3.11660862,11.57412624,12.49168587
113453509100,1055.134033,58.11622238,1055.4470210000004,1047.2346189999996,19.71003914,0.0,7.980445385,7.319690704,0.0,2.956555605,11.64155102,0.0
113454601000,1041.487793,56.88601303,1041.8852539999998,1026.490112,25.67116547,0.0,10.9489727,9.680473328,0.0,2.954873085,14.92276955,0.0
113455000200,1229.63855,57.96747589,1229.841797,1216.160889,21.83425713,0.0,9.288440704,8.547555922999999,0.0,2.872927189,13.12683868,0.0
113453509300,1090.69873,57.10889053,1090.870605,1088.4592289999996,19.7305069,0.0,7.928879737999999,7.267113209,0.0,2.960721731,11.89570045,0.0
T-3453510047,1077.291626,51.48647308,1077.108521,1076.444702,30.69799423,19.71692085,6.3107481,6.298168659,5.700513363,3.205630302,17.11796761,12.29873466
T-3453510148,1113.677002,51.49901581,1113.457764,1108.137573,19.80816269,5.882814884,5.95241785,5.921015262999999,5.34525013,3.199821234,11.36509514,3.767438173
T-3453510249,1013.541931,51.50902557,1013.258179,1011.276428,25.46840668,19.68336105,5.64493227,5.608058453,5.048418045,3.241357327,14.53414536,12.37996483
113453509700,1125.279175,50.95885468,1125.3400880000004,1106.227295,19.96377563,0.0,8.631696701000001,7.955214024,0.0,2.973830462,12.26848698,0.0
113453510100,1106.46875,50.90151978,1106.508911,1108.373169,34.52650070000001,0.0,9.072093964,8.413222313,0.0,2.931306601,20.83034325,0.0
113453509400,1090.055908,57.10936737,1090.241089,1087.495361,19.74713707,0.0,7.9928879739999985,7.329934597,0.0,2.991545677,11.92866707,0.0
113453510000,1071.536987,50.81586456,1071.642212,1056.26001,26.50447083,0.0,10.37112331,9.188529968,0.0,2.960240841,15.83453274,0.0
113453510300,922.4554443,50.74884033,922.62854,902.0723267,19.97320747,0.0,10.83556461,10.13015366,0.0,2.982010126,11.47844315,0.0
113454600200,1262.919067,59.94554138,1263.275635,1251.280273,24.39539146,0.0,10.19104576,8.932234764,0.0,2.857470512,14.70805931,0.0
113453509500,1121.120117,56.92481232,1121.370239,1104.112061,21.80916023,0.0,9.312148094,9.104281425,0.0,2.8927452560000004,13.2125082,0.0
113455000400,1230.025757,57.96691132,1230.026245,1214.269775,24.83501244,0.0,9.588525772,8.828160286000001,0.0,2.9709103110000004,15.21356392,0.0
113455303900,1152.950562,50.79938507,1153.255737,1147.019409,24.65278244,0.0,10.46479511,9.585014343,0.0,2.831547022,14.54092693,0.0
113453509600,1042.840698,50.89810181,1043.040649,1032.626465,19.97437859,0.0,8.974239349,8.754434586,0.0,2.979223728,11.88584423,0.0
113453509800,1080.212524,50.90211868,1080.477661,1078.304932,19.99510193,0.0,9.017648697,8.344959259,0.0,2.912340403,11.90088081,0.0
T-3454606251,1244.255127,53.51818848,1244.123535,1242.289673,28.05382729,19.69795799,6.009021282000001,5.9861812589999985,5.422828674,3.124024153,15.84783554,12.38417816
T-3454606354,1171.6459960000002,51.51329803,1171.537476,1173.686768,19.51496124,19.70698738,5.055820942,4.982624531,4.474849224,2.9719972610000003,10.92429638,12.07715702
T-3454605952,1290.627075,55.54211426,1290.549438,1284.827148,28.9201622,19.70197868,6.0151968,5.992070675,5.410912991,3.100851059,16.59936905,12.49489689
T-3454606053,1299.909668,53.5369339,1299.7775880000004,1302.55188,20.073452,19.63081551,5.031326293999999,4.980070114,4.47463274,3.1010196210000003,11.80819893,12.53966427
113455306500,1096.626953,50.79621124,1097.033569,1100.206299,22.16691589,0.0,10.12524033,8.816233635,0.0,2.789785862,13.06050682,0.0
113455305800,1106.646973,56.955616000000006,1106.973022,1119.069214,35.0,0.0,9.045210838,8.372293472,0.0,2.812124491,20.75808525,0.0
113455000300,1230.621582,57.96736908,1230.853638,1217.196655,21.85421753,0.0,9.335272789,8.602571487,0.0,2.898175478,13.17451191,0.0
113455504300,1459.805054,57.5721817,1459.271118,1452.225342,35.0,20.6766243,6.199458599,6.158811569,5.5398335460000006,3.314846039,22.33181381,14.3991003
113455602500,1464.99707,57.57449341,1464.527832,1460.281982,30.21648407,19.74468613,5.4159049989999986,5.070057392,4.900321007,3.097656965,18.68462372,13.21887207
113453601400,1289.427856,60.60810852,1289.383423,1291.9198,21.81148148,19.69894981,5.201087475,5.144733906,4.61340332,3.031702995,12.74814796,12.52438354
113453600700,1096.789307,58.01892090000001,1097.0466310000004,1087.330566,19.972566600000004,0.0,8.850771904,8.159432411000001,0.0,2.902583361,11.98143196,0.0
113454605700,1276.680786,50.92291641,1276.829224,1264.547852,19.99957657,0.0,8.822066307,8.158504486,0.0,2.927209139,12.33111477,0.0
113454605900,1281.515503,51.00000763,1281.579712,1257.641846,19.92733765,0.0,10.51304531,11.89462376,0.0,2.925592422,12.02838707,0.0
T-3454606555,1244.158691,51.51588058,1244.0258789999998,1257.016235,19.60075951,19.62467957,5.041543007,4.990237713,4.508253098,3.1420533660000003,11.34631157,12.4498558
113453600100,1230.312866,50.8562088,1230.574951,1218.775024,20.76617241,0.0,9.258964538999999,8.544872284,0.0,2.870598078,12.4626112,0.0
113454600800,1088.012695,60.09164047,1088.360107,1088.939697,19.88282394,0.0,8.504980087,7.815566062999999,0.0,2.943225145,11.90272331,0.0
113453600500,1302.5209960000002,60.18601990000001,1302.688965,1281.032593,19.54605484,0.0,7.478210926,6.842185974,0.0,2.967502594,12.34753036,0.0
T-3454606157,1287.766846,57.5778923,1288.294678,1281.4533689999996,20.2646637,19.63567352,5.0968027110000005,5.044914722,4.531099319,3.087458611,11.83619022,12.46295357
113454600500,1127.590698,60.04774094,1127.974731,1117.736328,19.97453499,0.0,8.873809814,8.186701775,0.0,2.9219517710000003,12.09170532,0.0
113453600200,1228.905884,58.0708313,1229.130981,1213.0740970000004,19.83704567,0.0,8.229931831,7.555395126,0.0,2.863882542,11.90699482,0.0
113453600900,1048.779785,60.14746094,1048.407349,1034.754883,19.96004295,0.0,8.511231422,7.78782177,0.0,3.168747425,12.6259594,0.0
113453600800,1049.366943,60.15098572,1049.003906,1036.991943,19.94453812,0.0,8.487495422,7.771742821,0.0,3.183181047,12.62299728,0.0
113454601400,985.2998047,56.95728302,985.3433228,972.2438354,25.29273033,0.0,9.852897644,9.134902954,0.0,3.083007813,15.20809078,0.0
113454601900,1237.43689,56.97015381,1237.708008,1224.348145,20.00877571,0.0,9.050045967,8.365086555,0.0,2.8612272739999995,12.01134014,0.0
113455306300,1037.930664,50.7940979,1038.243286,1031.370117,25.77771568,0.0,10.62024689,10.03267384,0.0,2.869336843,14.91161823,0.0
113453600600,1298.047729,58.07115936,1298.172852,1280.07666,19.81658554,0.0,8.17970562,7.936044216,0.0,2.973700047,12.52772903,0.0
113453600300,1228.354614,58.06700134,1228.649658,1212.212891,19.83721161,0.0,8.294296265,7.628518105,0.0,2.885103226,11.90302944,0.0
113454601100,1009.72876,57.99552917,1009.802917,997.8994141,23.30024147,0.0,9.519864082,8.80625248,0.0,3.054838419,14.12110233,0.0
113453601300,1181.526489,60.60662079,1181.542236,1178.026123,17.48037148,19.67453766,4.780067444,4.462988853,4.30403614,3.03052187,10.10144711,12.29387951
113454601700,968.3793945,56.92976379,968.760498,957.8114014,23.04220581,0.0,9.812205315,9.120360374,0.0,2.988913774,13.45385075,0.0
113454602500,1519.174805,58.58587646,1518.768921,1525.069824,31.28718376,19.70716858,5.663346767,5.61908102,5.050443172,3.106953144,19.40545845,13.21935177
113453601500,1301.758789,60.60569763,1301.797852,1297.557007,17.05423355,19.66402435,4.670838833,4.362167835,4.208173275,3.016965866,10.08538055,12.49801064
113454603700,1731.229614,57.56374359,1730.698364,1737.426392,35.0,20.99711418,5.963512421,5.909641743,5.321177006,3.08266902,22.80081749,14.59217072
113453600400,1298.185791,58.07034683,1298.319702,1280.317383,19.80721283,0.0,8.156039238,7.912863731,0.0,2.963046312,12.52207375,0.0
113454601200,1010.475037,57.99530792,1010.552979,998.7225342,23.1150322,0.0,9.488167763,8.775977135,0.0,3.043530703,14.01486206,0.0
113455505700,1434.429077,58.58045197,1434.243774,1428.431641,29.45736885,19.71910858,5.798218727,5.749036789,5.177278996,2.9775002,17.20567131,12.57280254
113455306100,1043.3752439999996,50.79534531,1043.598755,1036.40686,26.87817192,0.0,10.72515106,10.04775238,0.0,2.89656353,15.70239544,0.0
113455400100,1012.619385,56.82871246,1013.009399,1002.020447,28.19559669,0.0,10.38994694,9.701602936,0.0,2.8502841,16.54778481,0.0
113454601500,985.1307373,56.95705795,985.1109619,971.5120239,25.92855644,0.0,9.89980793,9.178769112000001,0.0,3.097428083,15.66412258,0.0
113453601000,1046.098633,60.12425232,1046.723389,1047.043091,19.68159676,0.0,8.050255775,7.401772499,0.0,2.923275948,11.49221134,0.0
113453601200,1130.026001,60.12001801,1129.707275,1108.279175,20.85545158,0.0,8.779294968,8.061767578,0.0,3.1638181210000003,13.4157896,0.0
113453602000,1341.292114,60.608284,1341.1196289999998,1355.839478,24.60864258,19.72924423,5.350499153,5.28055954,4.727433205,2.9607203010000003,14.24104214,12.43789673
113453602200,1344.811646,58.58634949,1344.70105,1338.670654,24.26247215,19.69914627,5.46432209,5.415520667999999,4.868468761,3.013654709,14.09545326,12.48012829
113454604400,1299.949829,56.9881897,1300.172852,1291.451904,19.99113655,0.0,8.822400092999999,8.14909935,0.0,2.848392725,12.26795483,0.0
113454604700,1205.758789,56.92160034,1206.053833,1194.184692,22.35178947,0.0,9.768424988,8.765763283,0.0,2.873561382,13.56429958,0.0
113454603600,1728.153809,57.56388474,1727.6153559999998,1733.4511719999996,35.0,20.99902344,5.980062485,5.926284312999999,5.336290359,3.093605042,22.78410149,14.58497524
113455605000,1171.921509,57.09207535,1172.1772460000002,1172.047241,23.56489944,0.0,7.953012942999999,7.3029794689999985,0.0,2.910695553,14.19862938,0.0
113455307600,1076.347534,50.95795441,1076.670898,1071.450195,17.66850853,0.0,8.305606842000001,7.65134716,0.0,2.838284492,10.51185513,0.0
113453601100,1036.89209,60.14339447,1037.252319,1026.249146,19.70583534,0.0,8.017952918999999,7.345443726,0.0,2.971969128,11.59914017,0.0
113454601800,1144.945801,56.89277649,1145.296265,1129.00354,23.6844902,0.0,10.38511276,9.077817917,0.0,2.888837337,13.9852562,0.0
113455602900,1375.330933,56.98088074,1375.664429,1376.268555,22.81759644,0.0,8.481393814,8.262870788999999,0.0,2.804772854,14.09614277,0.0
113454602000,1232.954346,57.98229218,1233.223022,1219.622192,20.01095963,0.0,9.07595253,8.381505966,0.0,2.857640266,11.97229004,0.0
113454602400,1519.64856,58.58588028,1519.14502,1525.137573,32.07784271,19.77143669,5.619901657000001,5.558976173,4.984180927,3.0475909710000004,19.88640976,13.26142216
113454602700,1526.978149,58.58596802,1526.421875,1532.8498539999996,33.22271729,19.88306046,5.739490986,5.679196835,5.092538357,3.1205735210000003,20.94011307,13.55992317
113454602900,1619.913574,57.57467651,1619.596069,1623.937866,29.51368141,19.72767258,5.481807709,5.429060459,4.875202179,2.986967802,18.23709106,13.08390808
113453601600,1281.621582,60.60583878,1281.524536,1272.735962,25.27455902,19.74064636,5.607207775,5.552408217999999,4.98626709,2.9450507160000003,14.35732555,12.30907917
113453602100,1334.77771,58.58792877,1334.612061,1336.784424,22.99349403,19.68835068,5.29273653,5.238813877,4.701989651,3.041908264,13.46618938,12.54602528
113454605000,1205.703613,56.92140961,1205.986938,1193.92749,22.553545,0.0,9.799204826,8.795773506,0.0,2.884412289,13.71361065,0.0
113453601700,1276.501221,60.60784149,1276.553223,1271.297729,23.20121765,19.7154007,5.46042347,5.411835194,4.862142563,3.005514622,13.2660799,12.33344269
113454602200,1453.919189,57.56797791,1453.514038,1442.340698,33.22341919,19.89611816,6.14863205,6.114048004,5.507795334,3.17860651,20.26580811,13.26546764
113455400800,1099.077148,57.99975204,1099.380615,1082.757935,19.98259354,0.0,8.965826035,8.282664299,0.0,2.887561798,11.98821926,0.0
113455400500,975.4874268,57.96165848,975.7252197,964.1978149,22.22885513,0.0,9.550312996,8.846328735,0.0,2.949218988,13.12003708,0.0
113453601900,1360.469604,60.60797119,1360.3376460000004,1352.520874,25.0174675,19.71908951,5.409799099,5.347435474,4.793392181000001,2.965287685,14.5532999,12.4852972
113455604300,1220.430908,56.95815659,1220.653442,1217.135742,20.00277328,0.0,8.908590317,8.686468124,0.0,2.870170116,12.28951645,0.0
113453601800,1258.20752,60.60803986,1258.105591,1256.972656,20.99969673,19.71408653,5.128261566,5.05851078,4.527047157,2.96889472,12.02924538,12.3142643
113454300100,1342.116089,57.0953064,1342.339233,1339.913696,19.73590469,0.0,7.785209179,7.1354641910000005,0.0,2.85323143,12.15323925,0.0
113453605300,1231.071899,56.93778992,1231.41333,1222.307373,20.58120537,0.0,9.421873093,8.572142601,0.0,2.849697113,12.30560303,0.0
113454602800,1526.592651,58.58594513,1525.942627,1530.884644,34.65134811,19.99178505,5.867083549,5.803378582000001,5.201742171999999,3.183291435,22.15667152,13.84459019
113455401100,1230.710815,56.92628479,1230.989136,1221.127808,22.25444603,0.0,9.736448288,8.769431114,0.0,2.887042999,13.40369606,0.0
T-3455405560,1182.554077,52.50808334,1182.140625,1192.714478,28.58931732,19.72270966,5.867939949,5.811245917999999,5.239151001000001,3.046951056,16.25092316,12.43844128
113453602400,1387.745361,57.96154022,1387.974243,1385.667236,22.05217743,0.0,9.147950172,8.372126579,0.0,2.799959183,13.62627029,0.0
113453604100,1370.182739,56.92900085,1370.47522,1356.696899,22.76788712,0.0,9.609676361,8.690566063,0.0,2.874666929,14.14653969,0.0
113453602700,1506.016602,56.55369568,1505.753174,1509.9182130000004,31.83817863,19.76921082,5.877773285,5.834713459,5.250273228,2.971653223,19.00295258,12.83620548
113454300200,1385.966431,58.06531525,1386.180786,1380.05127,19.86085701,0.0,8.138474464,7.477344512999999,0.0,2.820589781,12.34437561,0.0
113453602500,1425.381226,56.97473145,1425.499268,1421.0078130000004,22.67530632,0.0,9.092981339,8.419576645,0.0,2.905948639,14.40761948,0.0
113453604000,1369.890625,56.92870331,1370.296387,1357.351074,21.26316643,0.0,9.484142302999999,8.573266029,0.0,2.834916115,13.08831596,0.0
113453604900,1265.460205,56.99265289,1265.760864,1260.943359,19.95727158,0.0,8.798153877,8.132826805,0.0,2.8624949460000004,12.11220455,0.0
113454603900,1394.368774,57.56912231,1394.137329,1388.699341,28.9073925,19.72771072,5.788722038,5.742667675,5.166978359,2.993733883,16.93343544,12.62819099
113453602300,1386.147705,58.06562805,1386.387085,1380.464478,19.86117172,0.0,8.158974648,7.501812935,0.0,2.834352732,12.34553432,0.0
113453602600,1508.054321,58.58798218,1507.657471,1507.296875,23.93424606,19.72755814,4.892810345,4.568449497,4.405126095,2.9850223060000003,14.88592339,13.13265896
113455401500,1260.807007,56.93425751,1260.637329,1247.151855,26.32382774,0.0,9.566261292,9.354878426,0.0,3.014353275,16.6851387,0.0
113453605000,1267.253418,60.06419373,1267.7873539999996,1263.562134,19.86225319,0.0,8.492291451,7.836035728,0.0,2.863598824,12.02545834,0.0
113453604200,1371.008545,56.9286232,1371.30603,1357.578979,22.89801788,0.0,9.620102882000001,8.696222305,0.0,2.875452995,14.23021793,0.0
113454603800,1544.91394,57.56393433,1544.745117,1534.9897460000002,31.07343864,19.69051361,5.955142021,5.922276497,5.35159111,3.003263235,18.54201698,12.75230789
113453605400,1230.10437,56.93811798,1230.435913,1221.226074,20.54474068,0.0,9.423612595,8.577436447,0.0,2.852833748,12.27954483,0.0
113453604500,1304.5744630000004,58.03543472,1304.831665,1316.290527,34.80241013,0.0,8.453957557999999,7.801651955,0.0,2.835988998,21.20428276,0.0
T-3454606358,1181.471558,51.51329803,1181.439209,1182.640747,20.8198719,19.60921097,5.244426727,5.20904398,4.717856407,3.169591904,12.02065372,12.43153381
113453605100,1245.599487,60.03207779,1246.17395,1239.525513,19.92975616,0.0,8.814639091,8.150129318,0.0,2.86449194,11.95539951,0.0
113453605600,1229.806763,56.96463013,1230.10083,1221.020142,20.00741386,0.0,9.100398064,8.422995567000001,0.0,2.868142843,12.00725555,0.0
113453604600,1300.866089,58.03577423,1301.135132,1316.229248,35.0,0.0,8.470752716,7.821940422000001,0.0,2.84689188,21.29868889,0.0
113453605500,1230.253296,56.92742157,1230.588989,1221.388428,21.23273849,0.0,9.604311942999999,8.651324272,0.0,2.845345974,12.67752552,0.0
113453606200,1367.119751,51.49095917,1366.770264,1358.878052,30.83089447,19.75485229,5.920551777000001,5.874659061,5.29357338,3.019032955,17.92026329,12.63942719
113453605700,1229.67334,56.93813324,1229.9415279999996,1220.028076,21.48441696,0.0,9.525268555,8.672340392999999,0.0,2.88608551,12.91177464,0.0
113457600700,1351.499268,57.96093369,1351.648926,1333.491455,20.9237175,0.0,9.040306091,8.819354057,0.0,2.878044605,13.01728821,0.0
113453606000,1349.404785,57.56760406,1349.356323,1343.850708,28.50066948,19.73670006,5.89391613,5.860957622999999,5.303776741,3.033175945,16.39017296,12.49650192
113454604500,1300.199951,56.98916626,1300.28125,1290.607788,20.7201519,0.0,8.92868042,8.235947609,0.0,2.8765230180000003,12.78841019,0.0
113454605100,1206.186035,56.92207336,1206.495728,1194.313232,22.70447159,0.0,9.841258049,8.844132423,0.0,2.9044773580000003,13.82287693,0.0
113454604800,1205.442627,56.92229079999999,1205.786377,1193.873047,22.31417084,0.0,9.795667648,8.801605225,0.0,2.889883995,13.54003811,0.0
T-3455405861,1240.246704,51.49610138,1239.831055,1241.972168,28.05958176,19.71486473,5.8280797,5.771455765,5.205869198,3.0449063780000003,15.92601204,12.43469429
113455403000,1532.876953,58.57654572,1532.560547,1528.405151,30.16320038,19.73871613,5.730442524,5.676167965,5.11097765,2.8551361560000004,17.9108429,12.72138882
113453606300,1324.77478,50.80916595,1324.842773,1321.440063,28.01089668,0.0,10.64736748,9.277957916,0.0,2.871522665,17.2945385,0.0
113454300300,1284.690674,50.78335953,1284.897705,1268.084839,19.94153976,0.0,10.54090023,11.05947685,0.0,2.876737833,12.11134148,0.0
113455607100,879.836792,57.06933975,879.9682617000002,877.5567627,19.8931942,0.0,8.572633742999999,7.876317023999999,0.0,3.038467407,11.7718277,0.0
113455402200,1351.310669,57.57382965,1351.087158,1349.867554,24.39865685,19.69542313,5.25352335,4.917172909,4.755200863,2.98716259,14.31271935,12.56325436
113453605800,1351.611206,56.99866486,1351.859375,1364.137817,34.47344208,0.0,8.683745384,8.026435852,0.0,2.836467505,20.99736404,0.0
113453606100,1348.767456,57.56729126,1348.762451,1343.963135,26.76760292,19.74981117,5.74364996,5.698084831,5.126332283,2.938503265,15.14492512,12.25838089
113455403300,1839.281372,60.60036469,1839.175537,1850.52002,31.69686508,19.76004219,5.4454207420000005,5.387254238,4.845499039,2.8066518310000004,20.24798203,13.30281162
113454606000,1290.241333,50.93214417,1290.416016,1279.721558,19.96294785,0.0,8.622033119,7.963618755,0.0,2.884512663,12.29737091,0.0
113454605500,1155.690552,56.88666916,1156.080688,1142.537598,23.80417824,0.0,10.50000095,9.148080826000001,0.0,2.902954102,14.16419888,0.0
113453606700,1295.750488,56.54505157,1295.724731,1293.216675,30.32780266,19.7643013,6.114501953,6.072505951,5.474050045,2.951811552,17.07062721,12.31523514
113455606300,997.4147339,56.06928253,997.3621826,997.512146,19.89917755,0.0,8.373049736,7.678181171,0.0,3.0234298710000003,12.25439453,0.0
113453605900,1350.907593,56.91383743,1351.248779,1361.790649,34.3367157,0.0,9.817400932,8.750659942999999,0.0,2.840660334,20.83765984,0.0
113454605800,1281.768188,50.88235092,1282.076294,1264.575195,21.44703674,0.0,9.183486938,8.550807953,0.0,2.927478075,13.17775917,0.0
113454300800,1300.98938,56.88032532,1301.319092,1292.715576,24.45590782,0.0,10.32481861,8.933949471,0.0,2.808358908,14.84063721,0.0
113453606600,1310.03833,55.86201477,1310.311646,1304.894043,26.0091877,0.0,10.44267559,8.998510361000001,0.0,2.822318554,15.89529419,0.0
113453607900,1179.081543,56.94693756,1179.4104,1166.30957,20.32209015,0.0,9.319394112000001,8.566372871,0.0,2.877826691,12.2203474,0.0
113454606100,1278.682495,50.88024521,1278.819946,1261.120361,21.77291679,0.0,9.14795208,8.502301216000001,0.0,2.895079851,13.35859013,0.0
113457700400,1303.80835,59.88550568,1304.02002,1298.767944,19.93003464,0.0,10.39514828,11.44634438,0.0,2.813229322,12.13227081,0.0
113454300400,1284.783203,50.78328705,1284.979736,1268.203979,19.94312477,0.0,10.5130043,11.04491997,0.0,2.8670866489999995,12.11213303,0.0
T-3454606656,1040.043579,51.50885773,1039.54834,1036.8009029999996,25.04299164,19.70512009,5.670771599,5.608308792000001,5.048725128,3.212840557,13.94701481,12.19404316
113454605200,1155.7758789999998,56.93394470000001,1156.119507,1142.610229,21.30866241,0.0,9.655347824,8.768745422,0.0,2.910994291,12.73017788,0.0
113454300500,1304.371948,55.87660217,1304.639526,1296.255249,26.40063095,0.0,10.53736401,9.114175797,0.0,2.829711199,16.07868958,0.0
113453607100,1295.27063,51.4858551,1295.130005,1292.49585,30.14568329,19.74956322,6.027947426,5.987865447999999,5.40339613,3.014318466,17.15356445,12.44289684
113454605600,1155.68042,56.88650513,1156.05249,1142.4689939999996,24.00790977,0.0,10.50158119,9.145055771000001,0.0,2.899164677,14.28453827,0.0
113455500300,1037.3671880000004,59.99226379,1037.607422,1023.415588,23.08541298,0.0,9.787456512,8.95730114,0.0,2.999590635,13.65354061,0.0
113454300600,1328.252319,56.89142609,1328.470825,1324.094849,26.09678268,0.0,10.30777454,9.00694561,0.0,2.863218546,16.11816788,0.0
113453606800,1304.669312,56.54204559,1304.452393,1297.574829,32.0081749,19.79621124,6.24706459,6.205658913,5.597526072999999,2.973290205,18.23173141,12.49322224
113455300200,1046.9592289999996,60.02735519,1047.612305,1051.518799,19.93008041,0.0,8.971150397999999,8.296717644,0.0,2.896074533,11.57116032,0.0
113455300400,1054.894897,60.03372955,1054.622803,1045.677124,25.45676994,0.0,9.541632652,8.807339668,0.0,3.08716464,15.9023304,0.0
113455301200,1267.656982,50.95869446,1267.799316,1271.1213380000004,28.76039886,0.0,8.426343917999999,7.795368195,0.0,2.915634155,17.57503319,0.0
113453606900,1307.638916,56.54298782,1307.408569,1300.271851,32.00205231,19.79283333,6.187068462,6.14097929,5.53400898,2.947369814,18.25474739,12.50174904
113455404600,1258.6252439999996,56.98612976,1258.915405,1263.943115,32.24732589999999,0.0,8.701060295,8.035092354,0.0,2.801806927,19.36852264,0.0
113454606300,1172.783813,50.91961288,1172.9584960000002,1161.897949,19.98963356,0.0,8.833157539,8.161502837999999,0.0,2.90786624,12.10783577,0.0
113453607200,1296.89978,50.78460312,1297.043091,1277.847168,19.93712234,0.0,10.55466557,10.83171368,0.0,2.86963129,12.18097305,0.0
113454606200,1237.216553,50.78295898,1237.4165039999998,1218.641479,19.95136452,0.0,10.59389019,11.18023777,0.0,2.878288269,11.89150715,0.0
113453607600,1252.1091310000004,56.88212204,1252.410522,1239.758057,26.77522278,0.0,10.68803978,9.619823456,0.0,2.884153605,16.07621574,0.0
113454300700,1300.9157710000004,56.97392273,1301.133301,1292.645264,20.61413193,0.0,9.019187927,8.352450371,0.0,2.875534296,12.71142769,0.0
113454300900,1299.908569,56.88070679,1300.245483,1291.4904789999996,24.47590256,0.0,10.33174133,8.94490242,0.0,2.813371897,14.84710407,0.0
113453607000,1306.254395,51.46125031,1306.004761,1297.924194,33.15405273,19.9076519,6.589146614,6.569764137000001,5.950315475,3.042742968,18.92530441,12.65443707
113453607300,1298.2696529999996,50.81600952,1298.443115,1291.992432,25.39992714,0.0,10.07314682,8.944652557000001,0.0,2.892291069,15.60979176,0.0
113454606500,1238.047974,50.95960999,1238.233398,1237.020508,19.90619469,0.0,8.410190582,7.748029709,0.0,2.897178173,12.07553768,0.0
113454606400,1172.675049,50.9406662,1172.8240970000004,1168.196411,19.95505905,0.0,8.647485733,7.979210854,0.0,2.917263508,12.13567448,0.0
113455300700,1214.345581,50.93784332,1214.540283,1208.147583,19.93120956,0.0,8.573513031000001,7.936432362000001,0.0,2.89262867,12.21379757,0.0
113455404000,1130.459595,60.58811951,1130.468262,1127.354126,31.56448174,19.7490921,6.447408676,6.41131115,5.785045147000001,2.991037369,17.17621613,12.06817245
113455301300,1268.10022,50.95857239,1268.264893,1271.303833,28.13574028,0.0,8.408362389,7.77914381,0.0,2.909687757,17.20128441,0.0
113455301100,1257.834351,50.81892395,1258.041748,1270.782959,35.0,0.0,10.05051804,8.978098869,0.0,2.910367012,21.14528275,0.0
113453608000,1164.231201,56.87823868,1164.55188,1151.236816,24.5065918,0.0,10.61444283,9.177924156,0.0,2.88489151,14.61313915,0.0
113455301500,1376.231934,50.92578888,1376.379272,1362.9646,19.97459984,0.0,8.628964424,7.993268967000001,0.0,2.87520957,12.48583317,0.0
113453608400,1132.367798,57.56428528,1132.133667,1130.465332,29.749845500000006,19.7140255,6.222409725,6.200500011,5.592065334,3.145229816,16.62618828,12.31223202
113455501800,1437.201294,57.56992339999999,1422.707397,1423.963135,31.51501083,19.7016449,5.71100235,5.359005451,5.2005686760000005,3.141679525,19.22156143,13.0822649
113455406000,1211.641724,50.93473816,1211.688354,1204.313721,19.95111084,0.0,8.568163872000001,7.909849643999999,0.0,2.873729467,12.29644394,0.0
113453608800,1097.550293,58.57401276,1097.407471,1094.621094,29.43973732,19.74000931,6.156554699,6.1239686010000005,5.5164051060000014,3.040141821,16.37785912,12.19037819
113453609200,1097.631348,57.56323242,1097.520386,1095.336426,28.59523582,19.753582,6.023859501,5.979441166,5.378302097000001,2.980544567,15.8274374,12.12733173
113453607400,1303.906128,56.88678741,1304.126343,1296.984375,25.82436562,0.0,10.36928463,9.019953727999999,0.0,2.85191226,15.7957592,0.0
113455501500,1366.870117,57.07453918,1367.054199,1358.186523,19.85835266,0.0,8.218244553,7.562086105,0.0,2.951610565,12.43678188,0.0
113453607700,1214.410645,56.87683105,1214.678345,1202.910889,25.46042061,0.0,10.60544872,9.162869452999999,0.0,2.875658989,15.45390415,0.0
113453607500,1303.690552,57.09700775,1303.800781,1304.372803,19.76922607,0.0,7.87879467,7.228140831,0.0,2.897554159,12.28890705,0.0
113456802500,1256.140137,60.09954071,1257.315552,1244.165283,19.81796265,0.0,8.228205681,6.85244894,0.0,2.884677887,12.02587795,0.0
113455301000,1258.015991,50.84635162,1258.227173,1240.2771,22.08280945,0.0,9.467445374,8.656902313,0.0,2.883679867,13.4413147,0.0
113455300500,1173.2084960000002,57.86489868,1173.849976,1158.8942869999996,28.00161934,0.0,10.40629578,11.11646557,0.0,2.718545198,16.37137985,0.0
113455405600,1180.0177,52.00001526,1180.723389,1171.2146,23.03303528,0.0,9.693945885,10.96417332,0.0,2.693696976,12.98342037,0.0
113453610600,1067.030762,57.04498672,1066.989502,1054.7185060000004,19.99027252,0.0,8.848860741000001,8.156139374,0.0,3.060138464,12.30355549,0.0
113453611300,1008.179688,57.0920372,1008.350464,1019.142029,33.66965485,0.0,8.137532234,7.481549263,0.0,2.979371786,20.13069153,0.0
113453608500,1133.442261,57.56428146,1133.075562,1131.238525,30.56077003,19.74076271,6.1675271989999985,6.125854015,5.51042223,3.075706005,17.07595444,12.33134365
113455303300,1182.492676,50.78517914,1182.721924,1170.02417,27.72937584,0.0,10.42980099,10.64867592,0.0,2.83767128,16.46756172,0.0
113453608100,1162.887207,56.88941193,1163.2404789999996,1149.9338380000004,23.56171608,0.0,10.40258789,9.082939148,0.0,2.888927937,14.05867386,0.0
113455303600,1161.895874,50.80207062,1162.065308,1156.039185,26.60563469,0.0,10.63971615,9.595448494,0.0,2.871765375,15.88833618,0.0
113455303800,1160.2814939999996,50.80146027,1160.567749,1155.279175,25.17869949,0.0,10.50222206,9.486590385,0.0,2.8357436660000004,14.91888714,0.0
113455302000,1566.627686,51.50956726,1566.232056,1580.506592,31.82815933,19.76832008,5.211579799999999,5.153967857,4.627018929,2.966358662,19.40283012,13.0035944
113455300800,1215.036499,50.93816757,1215.206055,1208.962158,19.9460392,0.0,8.615785599,7.974871635,0.0,2.9077453610000004,12.22630119,0.0
113455404900,1228.839111,54.85318756,1229.279541,1219.679443,22.06780815,0.0,10.00374985,8.674215317,0.0,2.741006374,13.28032589,0.0
113453608200,1130.5571289999998,57.56410599,1130.196411,1128.1459960000002,30.65927124,19.73912239,6.189056396000002,6.1447582239999985,5.527795792,3.083386898,17.10642815,12.31956959
113455302300,1564.501831,51.50952148,1564.021606,1579.245239,28.87056351,19.70587921,5.351982117,5.294401646,4.757078171,3.065085411,17.88882256,13.16608047
113453608700,1097.503174,58.57397461,1097.345093,1094.533447,29.49539185,19.7372036,6.153865337,6.120082855,5.5115857120000005,3.0365672110000004,16.40806007,12.18874073
113453608600,1121.182861,57.56103897,1120.957275,1118.728516,30.61186028,19.74374962,6.154755592000001,6.117479324,5.507483006,3.020978212,17.21849632,12.30288792
113455405200,1221.863159,55.87575531,1222.459106,1213.634033,20.00690079,0.0,9.69701767,8.450954437,0.0,2.68718338,11.87637615,0.0
113453609300,1097.277954,57.5633316,1097.197266,1095.165894,28.16912842,19.74803543,6.027641772999999,5.987336159,5.388357162,2.991847754,15.56291103,12.09810066
113453608900,1098.0,58.57393646,1097.832886,1095.054199,29.74478722,19.74303246,6.1361846920000005,6.096080303,5.4858865739999985,3.015860558,16.54808426,12.19465446
113453609100,1097.676147,57.56333923,1097.673584,1095.588867,27.90618324,19.72457695,6.074215889,6.049323082000001,5.455903052999999,3.048074007,15.47919083,12.12887573
113455302200,1565.745605,51.50950623,1565.368774,1580.953003,32.69321823,19.85681343,5.188775539,5.132670879,4.608870029,2.959104776,19.91726494,13.05848026
113453609600,1152.502319,59.95372772,1153.336548,1143.593384,19.99398613,0.0,9.773949623,8.627684593,0.0,2.782033443,11.41440392,0.0
113455301800,1572.885742,51.50049591,1572.439331,1580.4571529999996,31.64399338,9.79815197,5.324112415,4.988647938,4.829125404,3.018599987,19.51460266,6.572623253
113453610100,1126.416382,56.90910721,1126.389282,1113.601196,26.15452003,0.0,9.700683594,9.50217247,0.0,2.9695727830000003,16.2395649,0.0
113455302500,1557.574951,51.50952911,1557.073364,1569.395386,30.31094742,19.74289894,5.420743465,5.364847183,4.82421875,3.109629393,18.90932274,13.30424309
113455601000,1665.5505369999996,58.574646,1651.234375,1661.1365970000004,34.65223694,20.00841713,5.988381863,5.954652309,5.36937952,3.095399618,22.58304787,13.97544575
113453609000,1097.588501,58.57395935,1097.492065,1095.118164,28.94316864,19.74226189,6.117671013,6.083967209,5.479681015,3.017390251,16.04880333,12.14766407
113453609500,1073.502808,57.5565567,1073.28479,1070.2463380000004,31.45212555,19.76928139,6.350334167000001,6.313112736,5.68475008,3.037312984,17.32590294,12.17284012
113456804500,1345.143677,57.5671196,1341.81665,1341.752197,29.49189377,19.73149109,6.172574042999999,5.566270828,5.013219357,2.99287796,16.95809174,12.44228268
T-3457902786,1536.534424,68.64247131,1537.208618,1543.856689,14.61369038,19.6249733,4.192374229,4.106549263,3.658481598,2.937644005,9.105935097,12.83982277
113453609700,1152.28125,59.95376587,1152.775513,1141.271973,22.84000778,0.0,10.1068058,8.925135612,0.0,2.87876606,13.47842979,0.0
113455600900,1664.541016,58.57451629999999,1650.249512,1659.901733,34.69137955,20.00918579,5.961431502999999,5.926721572999999,5.3433699610000005,3.07634306,22.60208511,13.97400475
113455405900,1221.583862,50.79169464,1222.303467,1215.530029,20.28480911,0.0,9.710520744,9.32914257,0.0,2.628122091,11.78844452,0.0
113455302400,1562.815796,51.50474548,1562.392944,1557.006958,29.47717476,19.71531487,5.466101646,5.412704467999999,4.867145061,3.009002924,18.09643745,13.0742197
113453609800,1144.206543,56.92330551,1144.528564,1134.690674,20.75722694,0.0,9.295338631,9.083744049,0.0,2.882365227,12.36167336,0.0
113453610200,1103.401001,57.06389236,1103.60083,1095.05603,19.85657501,0.0,8.331601143,7.665033817,0.0,2.941645861,12.03089523,0.0
113455405800,1238.612793,50.79681396,1238.83313,1229.276489,26.15385628,0.0,10.45379353,9.709545135,0.0,2.831836939,15.66407681,0.0
113455406200,1209.630249,50.78874207,1210.252686,1202.761719,20.79972839,0.0,9.738351822,9.57604599,0.0,2.638786554,12.0374279,0.0
113453610500,1090.2771,57.05898285,1090.435181,1080.1365970000004,19.88694,0.0,8.454408646000001,7.782906055,0.0,2.967683554,12.04935932,0.0
113453609900,1143.59082,57.09210205,1143.8400880000004,1143.439941,19.7461586,0.0,8.001408577000001,7.339689732,0.0,2.92312336,11.81488895,0.0
113455302900,1224.685669,50.79600525,1224.797607,1220.862061,26.52846718,0.0,10.31955338,8.986779213,0.0,2.84618187,16.25475121,0.0
113455601100,1685.155518,57.57774353,1684.96936,1694.6159670000004,23.42328835,19.6656189,4.85419178,4.542234421,4.39125061,3.007392645,14.96943855,13.2391758
113453611400,1007.560425,57.09182739,1007.725647,1019.107788,34.52291107,0.0,8.140617371,7.485056877000001,0.0,2.979154348,20.62925148,0.0
113455601200,1696.5715329999996,57.56235886,1682.371826,1699.589966,33.17913437,19.89195442,5.794009209,5.760160923,5.192424297,2.9969251160000003,21.31806564,13.66328239
113453610400,1102.103516,57.0639267,1102.32605,1093.648315,19.84592819,0.0,8.316892624,7.660327911,0.0,2.941009045,12.01790428,0.0
113453610000,1128.400391,56.90924835,1128.380127,1115.6657710000004,26.21424484,0.0,9.726470947000001,9.531695366000001,0.0,2.9799933430000003,16.28892326,0.0
113455304000,1143.57959,50.78269958,1143.844116,1130.11145,29.06204796,0.0,10.4438982,11.66541576,0.0,2.859251499,16.92827797,0.0
113453610300,1102.729858,57.06404877,1102.949829,1094.369751,19.84796524,0.0,8.337822914,7.681107521,0.0,2.950144529,12.02251148,0.0
113453610700,1058.914795,58.06441498,1058.89624,1046.298828,19.96801758,0.0,8.770719527999999,8.073688507,0.0,3.048657179,12.23143959,0.0
113453611500,1007.956909,57.09211731,1008.039001,1019.038452,35.0,0.0,8.248847961000001,7.588193417,0.0,3.03138113,21.05846024,0.0
113453611600,990.6381226,56.00650406,990.8486938,979.4160156,19.96418953,0.0,8.84376049,8.141490936,0.0,2.957850933,11.90346909,0.0
113453611100,1008.975403,58.11404419,1009.179749,1019.102722,34.96855164,0.0,7.999565601,7.345905303999999,0.0,2.954886436,20.83364487,0.0
113453610800,1034.512207,57.02888107,1034.487671,1021.137207,20.007450100000003,0.0,9.007048607,8.302195549,0.0,3.0484416480000003,12.13024902,0.0
113455303400,1183.786499,50.7851944,1184.074707,1171.97937,26.80968475,0.0,10.33727169,10.55279732,0.0,2.812250376,15.86089516,0.0
113453611800,937.6469116,57.97523117,937.8405151,932.6381836000003,20.26032448,0.0,9.315810204,9.072297096,0.0,3.0001759530000003,11.89147949,0.0
113455304200,1142.556763,50.79701996,1142.757446,1134.354614,26.52527809,0.0,10.65514946,9.8985672,0.0,2.884879112,15.69812489,0.0
113455305100,1141.194824,57.94184875,1142.006714,1137.638062,19.88234329,0.0,9.006466866,8.095985413,0.0,2.65412879,11.28521442,0.0
113453610900,969.6673584,60.13618469,969.7958984,963.8349609,19.84583282,0.0,8.321879387000001,7.621887207,0.0,3.049210787,11.93841934,0.0
113454601600,985.0109863,56.95661163,985.0059814,971.4228516,25.89352417,0.0,9.912495612999999,9.193792343,0.0,3.102689505,15.64344025,0.0
113455305900,1094.830688,56.95410538,1095.285156,1097.602905,19.96471786,0.0,8.961754799,8.281524658,0.0,2.794512749,11.78252125,0.0
113455603400,1351.595703,56.93468857,1351.681519,1337.437988,23.1086235,0.0,9.217152596,9.004555702000001,0.0,2.899048328,14.43990803,0.0
113453611200,1008.008911,57.0921936,1008.225525,1018.957031,34.71843719,0.0,8.132644653,7.480511665,0.0,2.97736001,20.70164871,0.0
113453611000,969.1328125,60.13603973,969.2529297,963.2402954,19.84201622,0.0,8.301430702000001,7.602762222000001,0.0,3.041130543,11.93290138,0.0
113455303700,1162.380493,50.78240967,1162.578003,1148.989868,29.58311653,0.0,10.49400806,11.3250351,0.0,2.86346817,17.46653175,0.0
113455000500,1230.748901,57.89580536,1230.733398,1209.189453,19.93123436,0.0,11.01785278,9.872233391,0.0,2.955647469,12.19126225,0.0
113454600600,1104.304565,60.09141922,1104.626709,1111.09021,33.94020844,0.0,8.417071342,7.746740817999999,0.0,2.912081242,20.23702431,0.0
113454600900,1052.006226,56.98425293,1052.373291,1046.997314,19.9805603,0.0,9.100293159,8.414092064,0.0,2.927059412,11.72514057,0.0
113454600300,1127.713867,60.0475235,1128.119385,1117.98645,19.96920013,0.0,8.840810776,8.164466857999999,0.0,2.916342258,12.08906937,0.0
113454601300,993.2657471,60.00360870000001,993.4372559,981.1313477,23.78853989,0.0,9.634413719,8.907928467,0.0,3.014530897,14.24539566,0.0
113455603000,1364.587769,56.98081207,1364.834473,1376.085571,33.45464325,0.0,8.534338951,8.317349434,0.0,2.819734097,20.53525352,0.0
113455305400,1136.8557130000004,50.79568481,1137.64624,1133.63916,19.99220085,0.0,9.82970047,9.203336716,0.0,2.653374672,11.27285862,0.0
113455305600,1116.405762,56.95423889,1116.645264,1119.042358,32.85217285,0.0,9.159749985,8.476330757000001,0.0,2.8592436310000005,19.69579315,0.0
113455307100,1126.658813,50.89076996,1126.999268,1115.259399,19.97385025,0.0,8.997409821,8.336398125,0.0,2.878388405,11.80081272,0.0
113455603200,1363.586914,56.93766785,1363.873291,1352.23999,20.0143261,0.0,8.906177521,8.699202538,0.0,2.80982542,12.35587978,0.0
113454600400,1127.830078,60.04721069,1128.252319,1118.12146,19.96702766,0.0,8.864411354,8.184016227999999,0.0,2.922675848,12.08880997,0.0
113454600700,1103.743042,60.09108734,1104.0471189999996,1111.094116,33.70455933,0.0,8.407611847,7.732403278,0.0,2.90312624,20.09457779,0.0
113455504400,1459.856079,57.57216644,1459.279419,1451.877808,35.0,21.98836327,6.228788852999999,6.185304642,5.561593533,3.323981524,22.39420128,15.34544945
113455306000,1043.252563,50.79532623,1043.468628,1036.2553710000002,26.90454102,0.0,10.73837757,10.06416798,0.0,2.90150547,15.71678352,0.0
113455602600,1467.367554,57.57762909,1467.426758,1461.701538,29.03656006,19.72822571,5.3774828910000005,5.313947201,4.763439655,3.092194796,17.93802452,13.18915272
113454602600,1520.850342,58.58588409,1520.318359,1525.911255,32.53958893,19.82005882,5.696464062,5.63639307,5.05711174,3.0942156310000004,20.30783463,13.38602829
113455603500,1327.025513,55.89403534,1327.128296,1312.391113,24.64999771,0.0,9.384689331,9.176192283999999,0.0,2.870314598,15.41602612,0.0
113455306600,1096.041138,50.79655075,1096.522705,1099.685303,22.01775932,0.0,10.16976547,8.868793488,0.0,2.813455105,12.97153091,0.0
113455306700,1096.313354,50.79637146,1096.791016,1100.453125,21.1038475,0.0,10.02384567,8.727324486,0.0,2.7629790310000004,12.3649435,0.0
113454602100,1232.910889,57.98210907,1233.172241,1219.572388,20.00817299,0.0,9.029653548999999,8.334218025,0.0,2.83865428,11.96986866,0.0
113454603200,1725.34082,57.56381226,1724.9580079999996,1733.484497,32.2857933,19.81762695,5.642416000000001,5.5882401470000005,5.029877663,2.909314156,20.26612854,13.26070309
113455605400,1156.549683,56.92950439,1156.610962,1145.6877439999996,23.1888237,0.0,9.457406998,9.256710052,0.0,2.959862471,14.17430592,0.0
113454602300,1509.636108,57.57391357,1509.102051,1512.617798,32.40293503,19.80820274,5.711801052,5.651788235,5.071768284,3.067923307,20.033144,13.27528763
113455306900,1126.236938,50.89103317,1126.4765630000004,1113.802124,20.00698471,0.0,9.123710632,8.453720093,0.0,2.9205119610000003,11.92225552,0.0
113455400200,1012.532959,56.8290596,1012.933716,1001.984009,28.25753593,0.0,10.40615082,9.719820976,0.0,2.857949257,16.58302498,0.0
113455401300,1241.198608,56.92484283,1240.979492,1226.526978,27.17792892,0.0,9.68844223,9.47479248,0.0,3.017315149,17.12041473,0.0
113455306400,1043.84668,50.79021454,1044.279907,1039.497314,22.12040901,0.0,10.33821106,8.956056595,0.0,2.817999363,12.79438019,0.0
113455306800,1095.6522220000004,50.7963295,1096.187378,1100.1213380000004,20.47649384,0.0,9.963626862,8.673851013,0.0,2.744892359,11.9340477,0.0
113455401600,1261.459839,56.93395996,1261.224243,1247.70459,26.6488533,0.0,9.549825667999999,9.330623627000001,0.0,3.0010721680000003,16.89163208,0.0
113455604200,1219.279297,56.90995026,1219.143799,1204.264526,27.42531967,0.0,9.68605423,9.479309082,0.0,2.964704275,17.29655457,0.0
113455507300,1538.577637,57.57146454,1538.230225,1532.653931,31.55926895,19.72389793,5.7891025539999985,5.741178989,5.172096252,3.054561853,19.15693855,12.97053814
113455400600,976.9384155,57.99668121,977.270813,970.0383911,19.99326324,0.0,9.136069297999999,8.449691772000001,0.0,2.934935331,11.78226185,0.0
113455400900,1089.314697,56.88646698,1089.669556,1075.784546,22.69066238,0.0,9.607863426,9.424677849,0.0,2.8746860030000003,13.54023361,0.0
113454603000,1740.652832,58.58674622,1740.437256,1750.459473,25.95755959,19.66646385,5.067073822,5.008936882,4.4957757,2.911079168,16.44392395,13.11677361
113455401400,1240.958008,56.92517471,1240.766113,1226.308105,27.10928535,0.0,9.700312614,9.488449097,0.0,3.023973942,17.07623291,0.0
113454603400,1727.546631,57.56375885,1727.304565,1736.6534420000007,31.61174774,19.74797821,5.656112671,5.612686634,5.062135696,2.940540552,19.86242485,13.22060776
113455605700,1158.283813,56.92909241,1158.334717,1147.375,23.68110466,0.0,9.500659942999999,9.29060173,0.0,2.969547749,14.49594116,0.0
113455402000,1328.17688,56.9180603,1328.341309,1314.1213380000004,22.51601982,0.0,9.168738365,8.964032173,0.0,2.830519676,14.00420952,0.0
113454603500,1727.042969,57.56377411,1726.6264649999996,1734.3802489999996,33.00382996,19.87826538,5.750638007999999,5.698812962000001,5.132091999,2.975171089,20.98380661,13.47718811
113455603600,1302.48291,56.90774918,1302.582031,1286.990112,24.10673714,0.0,9.392019272,9.187926292,0.0,2.8666493889999995,14.94240093,0.0
113455603900,1263.682251,56.93475342,1263.46106,1250.543823,26.14221764,0.0,9.479812622,9.256023407,0.0,2.976285458,16.54659462,0.0
113455400300,1009.6203,56.82875824,1010.080566,999.4459229,27.17841721,0.0,10.30793095,9.626345634,0.0,2.829493761,15.86762428,0.0
113454603100,1752.495483,58.57777405,1752.190063,1766.72168,31.11284065,19.71331406,5.528981686,5.4770126339999985,4.933083057,2.88961935,19.56546593,13.13579178
113454603300,1727.358643,57.56387329,1727.098511,1736.468872,31.8107338,19.77100372,5.670825005,5.626208305,5.07265377,2.9468479160000003,19.98407173,13.23474693
113456306300,1408.04187,56.87504578,1407.855957,1381.468262,19.88589096,0.0,11.18450642,8.345794677999999,0.0,2.9938781260000003,12.9444828,0.0
113456307000,1155.395508,56.88173676,1155.781616,1142.924072,25.77582359,0.0,10.74806023,9.696631432,0.0,2.906205654,15.26729107,0.0
113455604700,1189.279053,52.85036469,1189.415527,1181.266724,24.06635094,0.0,9.505679131,9.312246323,0.0,2.9041290280000003,14.68276215,0.0
113454604900,1205.606812,56.92139053,1205.916016,1194.0407710000004,22.33122635,0.0,9.777617455,8.774511337,0.0,2.876865864,13.551624300000002,0.0
113454603700,1731.229614,57.56374359,1730.698364,1737.426392,35.0,20.99711418,5.963512421,5.909641743,5.321177006,3.08266902,22.80081749,14.59217072
113454603600,1728.153809,57.56388474,1727.6153559999998,1733.4511719999996,35.0,20.99902344,5.980062485,5.926284312999999,5.336290359,3.093605042,22.78410149,14.58497524
113455403300,1839.281372,60.60036469,1839.175537,1850.52002,31.69686508,19.76004219,5.4454207420000005,5.387254238,4.845499039,2.8066518310000004,20.24798203,13.30281162
113454603200,1725.34082,57.56381226,1724.9580079999996,1733.484497,32.2857933,19.81762695,5.642416000000001,5.5882401470000005,5.029877663,2.909314156,20.26612854,13.26070309
113454603000,1740.652832,58.58674622,1740.437256,1750.459473,25.95755959,19.66646385,5.067073822,5.008936882,4.4957757,2.911079168,16.44392395,13.11677361
113454603400,1727.546631,57.56375885,1727.304565,1736.6534420000007,31.61174774,19.74797821,5.656112671,5.612686634,5.062135696,2.940540552,19.86242485,13.22060776
113454603500,1727.042969,57.56377411,1726.6264649999996,1734.3802489999996,33.00382996,19.87826538,5.750638007999999,5.698812962000001,5.132091999,2.975171089,20.98380661,13.47718811
113454603100,1752.495483,58.57777405,1752.190063,1766.72168,31.11284065,19.71331406,5.528981686,5.4770126339999985,4.933083057,2.88961935,19.56546593,13.13579178
113454603300,1727.358643,57.56387329,1727.098511,1736.468872,31.8107338,19.77100372,5.670825005,5.626208305,5.07265377,2.9468479160000003,19.98407173,13.23474693
113455502600,1809.912598,58.58777618,1795.4584960000002,1823.454712,27.70013428,19.66990471,4.782921314,4.459677219,4.295351028,2.992406368,18.32036781,13.5972805
113455503000,1740.612793,58.58800507,1740.359985,1740.346191,22.74686241,19.66094398,4.736691475,4.421677589,4.265496731,2.911153793,14.48913097,13.10076904
113455502700,1808.763306,58.58778381,1808.47876,1822.151733,26.68385315,19.64249039,4.81156683,4.493900299,4.334107876,3.032320499,17.65514374,13.57595348
113455502300,1808.566528,58.58779144,1808.379639,1824.265991,22.15540314,19.62580681,4.615095139,4.307696342,4.155375957,2.900163412,14.34011078,13.22813892
113455502900,1740.68335,58.58799744,1740.380127,1740.279175,22.89069748,19.66650009,4.713957787,4.397922039,4.241153717,2.889354467,14.57906532,13.10475636
113455503100,1738.584595,58.58798218,1738.2052,1736.098022,25.27490044,19.6818924,4.826287746,4.502816200000002,4.341026306,2.958216429,16.27831078,13.28585625
113456303000,1730.5028079999993,57.87008286,1730.765015,1728.244507,25.79641914,0.0,9.594161033999999,8.497050285,0.0,2.7191123960000003,16.91265869,0.0
113455601400,1707.897949,58.57666779,1693.659424,1713.018555,32.91213226,19.87088203,5.777651787000001,5.742064476,5.175768852,3.028207302,21.18584251,13.64877033
113455601300,1708.053223,58.57668304,1693.789307,1713.157959,33.07561493,19.88422775,5.784809589,5.747084141,5.179234028,3.028244972,21.2900753,13.65845394
113456903000,1750.1348879999996,58.57901001,1735.718994,1766.3663329999995,35.0,26.95595551,5.8959264760000005,5.1818938260000005,4.645328045,2.899760246,22.31542587,18.13851929
113455502800,1741.343262,58.58799744,1741.008179,1740.966309,23.24325752,19.67791367,4.722719669,4.404331684,4.245798111,2.89161849,14.80143547,13.11283112
113460002100,1730.174927,57.56088257,1729.819824,1737.328613,35.0,26.16369629,6.187519073,6.153821945,5.559038162,3.18747139,23.52340889,18.73294258
113455502500,1807.790161,58.58776855,1807.610962,1822.567261,23.78814316,19.62069511,4.728095531,4.418346882,4.264712811,2.986700773,15.57938576,13.39726353
113455502400,1809.365967,58.58777618,1795.135986,1825.449097,22.1819706,19.62619019,4.616931438,4.309351921,4.156986713,2.902289629,14.35920906,13.22965527
113457801000,1733.193359,60.10006714,1718.890625,1726.451416,11.38548374,0.0,7.971779822999999,7.70286274,0.0,2.927051783,7.787110329,0.0
113457800900,1733.327271,60.09977722,1718.945557,1726.525391,13.19286823,0.0,7.943094254,7.66858387,0.0,2.905525208,9.00257206,0.0
113456903200,1750.575073,58.57898712,1735.358887,1766.249878,35.0,22.98581696,5.991713047,5.28531599,4.751060009,2.99045682,22.42737961,15.57030582
113456903400,1734.620972,58.57901001,1734.5915530000002,1749.1429440000004,28.22087097,19.71790886,5.694403648,5.019113541,4.510334015,2.833832026,17.633565899999994,13.04616833
113459300400,1846.823975,66.66091919,1831.141357,1846.897217,35.0,29.97060776,5.296355247,4.937804222,4.747515678,3.290267467,25.51008034,22.71998215
113459104300,1854.994995,62.62857437,1836.471191,1841.604126,32.86297226,19.71452713,6.144793034,6.062897682000001,5.424279212999999,3.5402462480000003,25.10566521,15.80854797
113456903100,1750.327515,58.57899857,1750.1940920000004,1766.4584960000002,35.0,22.98709869,5.979118347000001,5.27466917,4.742004395,2.985396624,22.42735863,15.57060814
113460002300,1731.807739,57.56085587,1717.228882,1738.720459,35.0,28.79292488,6.2417464260000015,6.20486784,5.602767944,3.209434748,23.6757431,20.7280426
113457901100,1844.304932,57.55003357,1844.134644,1857.372559,32.69233322,19.87168503,6.129470825,5.404294967999999,4.871829033,2.790958405,20.51398849,13.16177559
T-3459103025,1845.223633,66.64635468,1846.048706,1847.61084,32.69718552,19.7868557,4.661010742,4.334303379,4.163318634,3.173318386,23.45189476,14.76034355
113456902200,1708.261719,57.56285858,1694.0136719999996,1714.992676,32.81789398,19.86879349,6.108489037000001,5.388761044,4.847838878999999,2.971318722,20.83947945,13.43484402
113456902100,1704.6611329999996,58.57656097,1690.378784,1710.389404,32.58361435,19.84640121,6.04610157,5.329404353999999,4.790261269,2.953747034,20.66208839,13.39297676
113456902300,1708.356812,57.56292725,1708.1662600000002,1715.1116940000004,32.82723236,19.87120819,6.108992099999999,5.389002323,4.8478732110000005,2.971880436,20.84540939,13.43614101
113456902900,1746.731323,58.57899857,1732.513916,1763.05603,31.85105133,19.77861786,5.948522091,5.246047497,4.716524601000001,2.968212128,20.31598282,13.34097958
113456902400,1708.997437,57.56292725,1694.6977539999998,1715.131714,33.41379929,19.91555595,6.149210452999999,5.422289847999999,4.873819351,2.98557353,21.33455849,13.54376125
113456903300,1734.398804,58.57902908,1734.3891600000004,1749.042114,28.2380867,19.7233696,5.711261749,5.035306931,4.526203156,2.84525466,17.64388657,13.04979134
113456903500,1718.695313,58.57713318,1704.405518,1728.226929,32.50917053,19.83927917,5.999435425,5.289783955,4.753699303,2.946498394,20.74140549,13.45581245
113459103400,1846.722656,66.66090393,1831.161377,1849.092407,35.0,22.31649208,5.1331009860000005,4.786077499,4.601716995,3.1893033980000003,24.95580292,16.59776115
113456903600,1707.196045,58.57674026,1707.06543,1714.1978760000004,32.35178375,19.82383919,6.023674965,5.314367294,4.778669357,2.957897902,20.58473969,13.41846085
113459300600,1847.433472,65.65338898,1831.631226,1833.954956,23.79895592,19.31904793,5.5030636789999985,5.133473873,4.944009304,3.401177645,17.799470899999996,15.01869392
113459103500,1846.737671,66.66091156,1832.638794,1836.800049,28.54922676,19.50513458,5.382331848,5.019597054,4.83041811,3.3532004360000003,21.07524109,14.99820232
113459103900,1853.917725,62.62779236,1853.787109,1842.120361,23.68595505,19.16294289,5.69508028,5.318805695,5.129101276,3.438976049,17.76672745,14.9672823
113459104400,1855.369507,62.62857819,1836.901367,1842.076416,32.64755249,19.67093849,6.131410599,6.050701141,5.4143509860000005,3.535566568,24.93611336,15.76848984
113460001900,1728.46875,57.56085968,1728.156738,1736.2713620000004,35.0,22.64520836,6.076893806,6.0428218839999985,5.457342625,3.126070738,23.22600555,16.03347015
113460302600,1848.179321,66.6608963,1832.445557,1842.314209,30.23303795,19.54044342,5.268736839,4.909922123,4.72355032,3.270197392,22.25033188,14.98768806
113459103000,1844.401245,66.66087341,1843.920288,1850.230835,29.70278168,19.70204735,4.794383526,4.471268177,4.302950859,2.987011194,20.27086067,14.00273895
113460302000,1846.641846,65.65339661,1831.600098,1849.519897,35.0,25.91833687,5.188707829,4.839209557,4.65737772,3.1944944860000004,25.31166077,19.53176117
T-3459103826,1843.986328,62.62092972,1845.175537,1851.381226,19.71675873,19.59589577,4.390902996,4.090597153,3.941431761,2.8899087910000003,12.83457661,13.19306564
T-3459300627,1846.316895,65.64073944,1847.290527,1851.952148,25.67855072,19.59372139,4.469648361,4.160900593,4.002386093,3.023987293,17.65006638,13.96169662
113459103700,1845.094482,65.65338898,1829.90625,1832.235352,24.71465683,19.41831779,5.46867609,5.096708298,4.904490471,3.366010427,18.36564445,15.00877762
113459300200,1846.401978,66.66086578,1832.393799,1847.108154,35.0,25.25615692,5.23357296,4.883428574,4.6984071730000005,3.26318574,25.24598885,18.98033714
113460002700,1706.870361,58.57381439,1706.507813,1708.087891,35.0,26.21975136,6.1903567310000005,6.155347824,5.558043003,3.191987514,23.51182175,18.78173256
113458901500,1745.338257,58.57904053,1730.949463,1760.9431149999998,32.07823944,19.79998589,5.838779926,5.133624077,4.606562614,2.878144264,20.30514526,13.2560358
113460303600,1847.64856,62.62776947,1830.93042,1837.449341,24.02474594,19.28772163,5.552687167999999,5.183043957,4.999382973,3.34040761,17.88996315,14.958082199999998
113460002200,1730.471191,57.56082153,1715.927368,1737.044434,35.0,28.59127045,6.241814137,6.20605135,5.604539394,3.210681915,23.66861343,20.58014679
113459103100,1844.383301,66.66090393,1844.355713,1850.646118,30.19114876,19.71753883,4.790518761,4.465456963,4.295155525,2.976638794,20.60038948,14.01492119
113459300500,1844.842163,65.65341949,1828.951294,1830.853271,24.07989693,19.34585571,5.504257679,5.134317875,4.944666386000001,3.400756598,17.98127365,15.02042866
113459300300,1846.620361,66.66087341,1832.611328,1846.801636,35.0,27.15926743,5.273833275,4.921324253,4.735305309,3.2893223760000003,25.39277077,20.51415825
113459104000,1853.962891,62.62778473,1837.196289,1841.180908,26.47152138,19.22773933,5.76429987,5.380716324,5.185658932,3.4714529510000003,19.97202873,15.13349533
113459103200,1844.335571,66.66087341,1843.772339,1848.493896,32.47399902,19.78936195,4.928217888,4.59739399,4.423864841,3.071179867,22.51901817,14.31287575
113461508000,1844.133301,62.62761307,1844.344849,1852.0271,29.39569855,19.72798347,4.904300213,4.574473381000001,4.407429695,2.955312967,19.51910782,13.67220116
113460002400,1731.5496829999993,57.56087494,1716.9313960000004,1731.062866,32.25522232,19.74961281,6.311157227000001,6.275362015,5.669330597,3.251126528,21.98532677,14.3669157
113459103600,1844.743652,65.65338898,1829.048828,1833.20459,26.81357002,19.43218994,5.457351685,5.091590881,4.90302372,3.373107433,19.86595345,14.99361038
113459300700,1850.890137,65.65338898,1835.153809,1840.750732,26.33376884,19.42124367,5.441814899,5.072366714,4.88106823,3.353194952,19.51263237,14.97868729
113460001700,1755.525757,58.57408524,1755.272827,1771.304688,31.58782959,19.75109482,5.633115292,5.586472511,5.034786701,2.87875843,19.79351234,13.12903976
113459103300,1844.46814,66.66085052,1843.831665,1847.269897,33.87282181,19.92859268,5.027636051,4.690217495,4.512651443,3.132931709,23.79659271,14.61258888
113460002000,1729.203613,57.56086731,1728.882813,1737.1539309999996,35.0,22.70832634,6.071509838,6.036574841,5.4514803889999985,3.12186718,23.22957611,16.07927895
113461507000,1844.80249,62.62760925,1845.071289,1853.498413,27.94104576,19.72061539,4.8390140530000005,4.512257099,4.34761858,2.912954092,18.41851425,13.55615044
T-3459300828,1843.521362,62.62092972,1844.563721,1839.994629,35.0,26.51383018,5.21758461,4.878111362,4.702843189,3.4799261089999995,26.01039124,20.51794624
113459300800,1853.17749,62.62782288,1853.099487,1842.799316,23.80307961,19.23056412,5.628888607,5.258863926,5.071588039,3.397356987,17.72177887,14.90885544
113459104100,1854.903198,62.62777710000001,1838.011353,1841.901001,27.49394035,19.18657684,5.803204536,5.42088747,5.227317333,3.502466202,20.85273743,15.18985081
113459300900,1853.192505,62.62779999,1853.153687,1844.242065,25.35140038,19.30250549,5.598091602,5.228846073,5.042953968,3.3786988260000004,18.78566933,14.90784073
113459301100,1852.422607,62.62778091,1835.538818,1837.92627,30.6955719,19.29758835,5.903212547000001,5.514620304,5.315488338,3.558750629,23.45866776,15.42352676
113459104200,1854.969238,62.62857056,1836.528809,1841.593384,32.63188171,19.6687603,6.135949135,6.055446148,5.4183998110000005,3.540252686,24.93167496,15.77139664
113459301000,1853.706543,62.62781525,1853.584106,1844.132935,24.49789238,19.29431725,5.605831622999999,5.2327981,5.043056965,3.3752031330000003,18.16477394,14.90314198
113459104500,1855.417969,62.62857056,1836.976318,1842.281006,32.72644043,19.68676186,6.129680634,6.048130035,5.410327911,3.529193401,24.95734024,15.7573185
113459103800,1853.115479,62.62778854,1836.38623,1842.04834,23.0625,19.175457,5.648567677000001,5.275736332,5.087902069,3.4111700060000003,17.21036339,14.89375687
113460301400,1845.968872,62.62756348,1846.92395,1857.519287,23.38244438,19.68569756,4.664506912,4.349752426,4.194316864,2.813326597,15.059268,13.18092823
113460302500,1851.845825,66.66085815,1836.108154,1848.101196,31.18467331,19.54979324,5.260651112,4.905089855,4.720448493999999,3.273102283,22.93146324,14.98623276
113461505000,1847.547974,62.62731934,1848.461304,1859.721924,25.11879921,19.70534134,4.723079205,4.403659343999999,4.2418074610000005,2.860610723,16.33203316,13.33229923
113460001800,1728.60083,57.56085968,1728.305786,1736.484985,35.0,22.28908539,6.073378563,6.040547847999999,5.456592082999999,3.127612352,23.2260952,15.78334332
113460002800,1706.9782710000004,58.57372665,1692.402344,1708.0871579999996,35.0,26.40524483,6.182104111,6.145632267000001,5.54783535,3.18269062,23.51259232,18.91461945
113460002500,1725.8380129999996,57.56057739,1711.184082,1721.8062739999998,31.63849068,19.63901901,6.365401745,6.327336787999999,5.715123177000001,3.269648314,21.65180779,14.34808731
113460002600,1726.519531,57.56059647,1711.833984,1721.001221,31.10270882,19.51482582,6.40499115,6.365865231,5.749612331,3.2888233660000004,21.39538765,14.32817459
113460301600,1853.174072,65.65338898,1837.637207,1858.648315,35.0,20.8604126,5.090816498,4.751433849,4.575370312,3.144594193,25.02864456,15.57295704
113460303900,1844.90686,62.62761307,1845.998169,1857.446289,21.05505371,19.68774796,4.559326172,4.250872135,4.099624634,2.749860287,13.39831543,13.00267887
113460302100,1846.13562,65.65341187,1831.107666,1848.892456,35.0,25.55455399,5.185872078,4.837403773999999,4.656556129,3.195101738,25.30879021,19.25852585
113460302700,1851.69812,66.66096497,1835.972778,1847.191162,30.38819122,19.49495506,5.322043419,4.961711407,4.775923252,3.308768511,22.37970352,14.96287155
113460302800,1847.927124,66.66088867,1847.62146,1849.654053,35.0,29.45556068,5.249276161,4.895117283,4.709599972,3.264867306,25.64453888,22.44495583
113461505500,1842.830933,62.62757111,1843.947632,1855.095581,21.19243431,19.69784355,4.553152561,4.2429223060000005,4.088428974,2.739209414,13.42688847,12.95516396
113460301500,1850.424927,62.62779236,1833.917236,1856.291016,35.0,25.05042076,5.288969517,4.940400124,4.762475967,3.18315196,25.05718422,18.72789955
113460301300,1844.665161,62.62757874,1834.171997,1855.908813,23.34091187,19.69021606,4.660945415,4.346045017,4.19067049,2.8108911510000003,15.02874947,13.18079758
113460801600,1701.8190920000004,57.55656052,1687.298096,1701.332886,35.0,25.60269928,6.271298409,6.2419419289999984,5.633042336,3.15359211,23.13827705,18.08547401
113460303700,1847.676392,62.62779236,1830.94043,1836.979614,23.06746101,19.30654716,5.571372032,5.198831081,5.013550758,3.347932816,17.19202614,14.9764185
113460302200,1848.461426,65.65335083,1848.204956,1851.330322,35.0,26.73769569,5.229897499,4.880182743,4.698444366,3.228474855,25.40976524,20.2192955
113460301700,1850.243774,65.65341187,1835.252075,1854.802734,35.0,22.9130764,5.122668743,4.778747559,4.599675655,3.156433105,25.12770462,17.15951347
113460301800,1850.451538,65.65339661,1834.869873,1854.263184,35.0,24.69023895,5.17201376,4.825182915,4.645204543999999,3.188978672,25.26355171,18.57671928
