STRIPNO,RMWIDTHTARGET,ENTRYTHICK,ENTRYWIDTH,SPTARGET,R1TARGET_1,R2TARGET_1,R2TARGET_2,R2TARGET_3,R3TARGET_1,R4TARGET_1,E1DRAFT_1,E2DRAFT_1,E2DRAFT_2,E2DRAFT_3,E3DRAFT_1,E4DRAFT_1,TEMPERATURE
1.13454E+11,922.4554443,50.74884033,922.62854,902.0723267,907.1188354,910.0933228,922.1676025,0,922.8461304,922.4554443,38,13.92677784,19.97320747,0,9.999998093,10.00008297,1150
1.13455E+11,985.2998047,56.95728302,985.3433228,972.2438354,974.6102905,976.5336914,984.6102295,0,985.6044312,985.2998047,38,15,25.29273033,0,10.00026703,9.999764442,1150
1.13455E+11,968.3793945,56.92976379,968.760498,957.8114014,958.4693604,960.0668945,968.4692383,0,969.09729,968.3793945,38,15,23.04220581,0,10.00002861,10.00007343,1150
1.13455E+11,985.1307373,56.95705795,985.1109619,971.5120239,974.328186,976.3346558,984.3283081,0,985.3428955,985.1307373,38,15,25.92855644,0,10.00004196,10.00019455,1150
1.13455E+11,975.4874268,57.96165848,975.7252197,964.1978149,965.3341064,966.7764282,975.3341064,0,975.9423828,975.4874268,38,15,22.22885513,0,9.999889374,10.00010586,1150
1.13456E+11,879.836792,57.06933975,879.9682617,877.5567627,869.3028564,871.515564,879.3028564,0,880.1224976,879.836792,38,11.97553635,19.8931942,0,10.00008488,10.00012016,1150
1.13456E+11,997.4147339,56.06928253,997.3621826,997.512146,986.6813354,988.8123169,996.6813354,0,997.5640259,997.4147339,38,12.38221359,19.89917755,0,10.0003252,10.00016785,1150
1.13454E+11,990.6381226,56.00650406,990.8486938,979.4160156,980.4558105,982.0639038,990.4556885,0,991.0577393,990.6381226,38,13.70545197,19.96418953,0,10.00013542,9.999960899,1150
1.13454E+11,937.6469116,57.97523117,937.8405151,932.6381836,928.0384521,928.5706787,938.0384521,0,938.0098267,937.6469116,38,15,20.26032448,0,10.00008297,10.00016689,1150
1.13454E+11,969.6673584,60.13618469,969.7958984,963.8349609,959.0629272,961.6427612,969.0628662,0,969.9588623,969.6673584,38,11.21767998,19.84583282,0,9.999927521,9.999833107,1150
1.13455E+11,985.0109863,56.95661163,985.0059814,971.4228516,974.2426758,976.2562866,984.2426147,0,985.2575684,985.0109863,38,15,25.89352417,0,9.999850273,9.999739647,1150
1.13454E+11,969.1328125,60.13603973,969.2529297,963.2402954,958.5623169,961.1552734,968.5623169,0,969.4144287,969.1328125,38,11.15080929,19.84201622,0,10.00008678,10.0000782,1150
1.13455E+11,993.2657471,60.0036087,993.4372559,981.1313477,982.8192139,984.5234375,992.8192139,0,993.6359863,993.2657471,38,15,23.78853989,0,10.00006485,10.00012112,1150
1.13455E+11,976.9384155,57.99668121,977.270813,970.0383911,967.022522,968.4561768,977.022522,0,977.5247803,976.9384155,38,14.29244041,19.99326324,0,9.999851227,10.00001907,1150
1.13456E+11,994.4994507,56.069664,994.4522095,993.9429321,983.7523193,985.9047241,993.7523193,0,994.65979,994.4994507,38,12.34956646,19.89789772,0,9.99995327,10.00007915,1150
1.13455E+11,976.1985474,57.96383667,976.5021973,968.5380859,966.1767578,967.4865112,976.1768188,0,976.7180786,976.1985474,38,15,21.36611557,0,10.00018597,9.999759674,1150
1.13456E+11,894.6801758,57.02285004,894.7956543,884.2119751,884.1484375,885.4802856,894.1484375,0,895.0179443,894.6801758,38,14.40638351,19.99537277,0,9.999858856,10.00016975,1150
1.13455E+11,996.0783081,58.01630402,996.3795166,999.2073975,986.1080933,987.8654175,996.1080322,0,996.6243896,996.0783081,38,13.52589226,19.96333885,0,10.00010395,9.999724388,1150
1.13456E+11,994.604248,56.06921387,994.5618896,994.1377563,983.9006348,986.041687,993.9006958,0,994.7680664,994.604248,38,12.33257484,19.89682579,0,10.0000124,9.99994278,1150
1.13456E+11,995.187439,56.06964874,995.1416626,994.7996826,984.460083,986.6135864,994.460083,0,995.3487549,995.187439,38,12.33317375,19.89695168,0,10.00003052,9.999798775,1150
1.13456E+11,879.2406616,57.06934357,879.4005127,876.9135132,868.7754517,871.0413818,878.7754517,0,879.6190186,879.2406616,38,11.91502666,19.89273453,0,10.00015163,10.00001144,1150
1.13456E+11,884.508667,58.11414719,884.7454834,917.1459961,884.1884155,884.1884155,884.1884155,0,884.9082642,884.508667,46.99272919,15,35,0,10.00004673,9.99973774,1150
1.13456E+11,883.5733643,58.11432648,883.8213501,917.2122803,883.2930298,883.2930298,883.2930298,0,883.9985352,883.5733643,47.65596008,15,35,0,9.999897003,10.00003719,1150
1.13456E+11,949.8183594,50.86607361,950.1426392,942.1756592,939.8504639,941.7821045,949.8504639,0,950.3693237,949.8183594,38,15,21.02613258,0,9.999862671,10.00026703,1150
1.13456E+11,950.0477295,50.86600113,950.6027832,944.4384155,940.5822144,942.8067627,950.5822754,0,950.8317261,950.0477295,38,13.79039955,19.97278214,0,10.0000391,10.00008488,1150
1.13456E+11,921.9645386,51.46731567,921.4837036,923.0222168,920.2606812,919.3460083,917.487854,920.2606201,921.6762085,921.9645386,38,13.09572792,33.3856926,19.92838478,9.999624252,10.00035763,1150
1.13456E+11,883.7269287,58.03936768,883.9094849,873.3973999,873.3018799,874.8572998,883.3018799,0,884.1092529,883.7269287,38,13.74443626,19.96954155,0,10.0001421,10.00014782,1150
1.13456E+11,949.9030151,50.86548233,950.2723389,942.345459,939.9827881,941.854248,949.9828491,0,950.5147705,949.9030151,38,15,20.50053787,0,10.00000858,9.999978065,1150
1.13457E+11,957.2866821,59.90283585,957.8831787,951.5192871,947.7349243,950.2531128,957.7349243,0,958.0692139,957.2866821,38,15,24.45706749,0,9.999878883,10.00019169,1150
1.13457E+11,883.1787109,56.88985825,883.5614624,874.8847046,873.9163208,875.5595703,883.9161987,0,883.722229,883.1787109,38,15,22.37230492,0,9.999819756,10.00001717,1150
1.13457E+11,883.300293,56.93013,883.5362549,876.7008667,873.788208,875.1868896,883.788208,0,883.7075806,883.300293,38,15,21.22341156,0,9.99998951,10.00003815,1150
1.13457E+11,957.2666016,59.90257645,957.913269,951.9382935,947.8212891,950.2453613,957.8212891,0,958.1045532,957.2666016,38,15,23.83457756,0,10.00014782,9.999919891,1150
1.13457E+11,936.1546021,56.91566849,936.5345459,929.8486328,927.0084839,928.5653687,937.0084839,0,936.8634033,936.1546021,38,15,21.51402473,0,10.00005436,10.00023746,1150
1.13456E+11,950.7681274,50.86614227,951.2233276,944.276123,941.071228,942.9719849,951.071228,0,951.4476318,950.7681274,38,14.65560436,20.00128174,0,10.00003147,9.99977684,1150
1.13456E+11,950.8807983,50.86585236,951.4639893,945.3935547,941.4802246,943.8054199,951.4802246,0,951.7199707,950.8807983,38,13.57258224,19.9665947,0,10.00001907,9.999939919,1150
1.13456E+11,949.6693726,50.86559296,950.3841553,945.3803101,940.5439453,943.3071899,950.5438843,0,950.6325684,949.6693726,38,12.38988209,19.92401695,0,9.99998188,9.999941826,1150
1.13457E+11,842.7138672,60.03448868,843.59198,835.9707031,833.6774902,837.0873413,843.6774902,0,843.755249,842.7138672,38,10.72953415,19.86155701,0,10.00003624,9.999861717,1150
1.13457E+11,859.2109375,56.97512054,859.9824219,852.722229,850.0128784,852.9946289,860.0128784,0,860.1668701,859.2109375,38,11.84004116,19.90695381,0,10.00011444,9.999887466,1150
1.13457E+11,999.6079102,57.96220016,1000.155884,998.5529785,990.7907715,992.9407349,1000.790771,0,1000.427734,999.6079102,38,12.92642689,19.94119835,0,10.00009251,9.999834061,1150
1.13456E+11,949.3638916,50.8661499,949.9747314,944.1773682,940.0147095,942.3858032,950.0145874,0,950.1955566,949.3638916,38,13.39667225,19.95962715,0,9.999910355,9.999847412,1150
1.13457E+11,957.3433838,59.90260696,957.9416504,951.5733643,947.7883301,950.3170776,957.7883911,0,958.1322632,957.3433838,38,15,24.50187683,0,10.00000477,10.00008965,1150
1.13456E+11,950.7211304,50.8657608,952.0289917,948.5855713,942.8512573,947.164856,952.8513184,0,952.2921143,950.7211304,38,8.554495811,19.78893089,0,10.00009632,9.999246597,1150
1.13457E+11,957.3959961,59.94435883,957.9746094,951.4448853,947.7912598,949.9799805,957.7912598,0,958.1558838,957.3959961,38,15,22.28555489,0,10.00010681,9.999802589,1150
1.13456E+11,950.9429932,50.86561203,951.3795166,944.0411987,941.1958618,943.0612793,951.1958618,0,951.6345825,950.9429932,38,14.82226181,20.00897217,0,9.999994278,9.999606133,1150
1.13456E+11,949.3960571,50.86586761,950.0757446,944.6973267,940.2111816,942.8399658,950.2110596,0,950.3285522,949.3960571,38,12.77135468,19.93858337,0,9.999988556,10.0000124,1150
1.13457E+11,958.572876,59.9850769,959.2443237,953.4989624,949.2073364,951.4334717,959.2072754,0,959.427124,958.572876,38,13.99052048,19.98125267,0,10.00005054,9.999894142,1150
1.13457E+11,882.6555176,56.89044189,883.005188,873.8898315,873.3858643,875.1851807,883.3858643,0,883.3184814,882.6555176,38,15,23.44999886,0,9.999840736,10.00019932,1150
1.13457E+11,883.0230103,56.89025116,883.4250488,874.8436279,873.7893677,875.4120483,883.7894287,0,883.5933228,883.0230103,38,15,22.22736931,0,10.00025177,10.00014019,1150
1.13457E+11,882.8848877,56.88978577,883.25,874.2096558,873.6688232,875.4216919,883.6687012,0,883.5341797,882.8848877,38,15,23.11847878,0,10.00004292,9.999927521,1150
1.13457E+11,882.8908081,56.89025116,883.2512817,874.1957397,873.6616211,875.4245605,883.6616211,0,883.5470581,882.8908081,38,15,23.17566681,0,9.999826431,10.00015926,1150
1.13457E+11,883.6311646,56.7967453,883.9091797,865.366394,868.418457,871.9613037,883.423584,0,884.0839233,883.6311646,38,13.76284504,19.97179413,0,9.999774933,10.00011635,1150
1.13457E+11,883.4281616,56.89070511,883.7651978,875.3867798,874.0827026,875.6416016,884.0827026,0,883.9224854,883.4281616,38,15,22.52686882,0,9.999979973,9.999908447,1150
1.13457E+11,882.9347534,56.89057159,883.3056641,874.2978516,873.559082,875.3057861,883.559082,0,883.4595947,882.9347534,38,15,23.10160446,0,10.00013828,10.00020885,1150
1.13457E+11,936.1343994,56.91509247,936.5307617,929.8922119,927.0286865,928.5307617,937.0285645,0,936.8528442,936.1343994,38,15,21.07199478,0,9.999869347,9.999995232,1150
1.13457E+11,924.078064,59.85236359,924.4022217,908.4254761,908.5643921,912.4304199,923.8626099,0,924.5650635,924.078064,38,13.50019741,19.96042061,0,9.999991417,10.00009537,1150
1.13457E+11,843.9020996,60.03459167,844.78302,837.2385254,834.8812866,838.3082275,844.8812866,0,844.9498901,843.9020996,38,10.69224548,19.85935593,0,10.00005436,9.999803543,1150
1.13457E+11,924.1105957,59.85182953,924.4504395,908.770752,908.8657837,912.6384888,923.9818115,0,924.6413574,924.1105957,38,13.55033779,19.96271133,0,10.00013733,9.999874115,1150
1.13457E+11,842.7991333,60.03439713,843.2388916,832.8728027,832.8689575,835.0192871,842.8688965,0,843.4063721,842.7991333,38,13.9765501,19.98140335,0,9.999772072,10,1150
1.1346E+11,972.3303833,57.9721756,972.6681519,966.2018433,962.3599854,963.5402222,972.3598633,0,972.8668823,972.3303833,38,15,20.45224571,0,9.999947548,10.00000477,1150
1.1346E+11,942.0740967,56.95680237,942.5078735,938.8989258,932.3025513,933.4560547,942.3025513,0,942.7666626,942.0740967,38,14.94683552,20.02070045,0,10.0001049,9.999547958,1150
1.13457E+11,949.9678345,59.90624237,950.4922485,942.1079712,940.2709961,943.0651245,950.2709961,0,950.769104,949.9678345,38,15,25.96893311,0,10.00008297,10.0000267,1150
1.13457E+11,864.8154297,56.82303619,865.0996094,858.1152954,854.5948486,857.4916992,864.5948486,0,865.2610474,864.8154297,38,15,28.8134861,0,9.999854088,9.999732971,1150
1.13457E+11,843.201416,56.89208984,843.6682129,839.3514404,834.0839844,835.3602295,844.0839844,0,843.835022,843.201416,38,15,21.07406044,0,9.999926567,10.00014687,1150
1.13461E+11,951.1915283,57.5697403,951.2727661,964.6343994,950.6923218,950.1994629,949.9990845,950.6923218,951.508728,951.1915283,38,10.62988186,23.93005562,19.76589203,9.999886513,9.999820709,1150
1.1346E+11,972.3527222,57.96726227,972.7107544,965.543457,962.4567261,963.652771,972.456665,0,972.9342651,972.3527222,38,15,20.5035038,0,10.00007248,10.00014114,1150
1.1346E+11,906.8029785,60.60771942,907.5478516,915.0721436,908.3023682,907.1604004,909.2077026,908.3024292,907.6817627,906.8029785,38,9.958660126,14.26851177,19.76725388,10.00023937,9.9998703,1150
1.1346E+11,941.8400269,56.92694473,942.2144775,938.4989624,931.9749756,933.3453369,941.9749756,0,942.4592285,941.8400269,38,15,21.95638084,0,10.00002003,9.99993515,1150
1.13461E+11,995.1002197,58.09069824,995.2987061,996.8013306,984.8639526,987.6869507,994.8638916,0,995.4776001,995.1002197,38,10.53754234,19.81369209,0,9.999910355,10.00003338,1150
1.13461E+11,940.0953979,56.94720459,940.5818481,937.2017822,930.4312744,931.5964355,940.4312744,0,940.7895508,940.0953979,38,14.74466038,20.00858116,0,10.00005722,9.999896049,1150
1.13461E+11,965.2542114,57.57614136,966.2121582,977.3135986,967.3141479,966.4008789,968.8253174,967.3141479,966.4599609,965.2542114,38,9.246222496,12.38673973,19.71961403,10.00011253,9.999864578,1150
1.1346E+11,997.5958862,58.57616806,997.9295654,1009.387207,997.7797241,997.3945923,997.513916,997.7797241,998.1679077,997.5958862,38,10.20616531,22.63519859,19.74199104,9.999915123,10.0002594,1150
1.1346E+11,941.5507202,56.92710876,941.9624634,938.3126831,931.7850342,933.149231,941.7850342,0,942.2258301,941.5507202,38,15,21.70560646,0,9.999952316,9.99997139,1150
1.13461E+11,917.9831543,56.91675568,918.1599731,910.2773438,907.6296997,909.5188599,917.6296997,0,918.371521,917.9831543,38,15,25.64341927,0,10.00008774,9.999827385,1150
1.1346E+11,880.6939087,57.56719208,880.40979,884.104126,879.3447876,878.6856689,877.583313,879.3448486,880.5552979,880.6939087,38,11.5809145,28.49747849,19.82728004,10.00015831,10.00010777,1150
1.13461E+11,936.1869507,58.04979706,936.3557129,928.5720215,925.8258057,927.5779419,935.8257446,0,936.5430908,936.1869507,38,13.25254822,19.94703484,0,10.00036526,10.00009155,1150
1.1346E+11,995.8724976,58.5761261,996.3152466,1008.031677,996.2393799,995.8330078,996.2507324,996.2393799,996.5582886,995.8724976,38,10.04688168,21.48248672,19.73206329,10.0000248,10.0004158,1150
1.1346E+11,972.4150391,57.96765518,972.7833252,965.614563,962.5276489,963.7316895,972.5276489,0,972.9971924,972.4150391,38,15,20.46273994,0,9.99985218,9.999997139,1150
1.1346E+11,942.1868896,56.92691422,942.6055298,939.2011719,932.4649048,933.7821655,942.4649048,0,942.8794556,942.1868896,38,15,21.49861145,0,9.999978065,10.00009346,1150
1.1346E+11,941.5422974,56.93743896,941.9338989,938.1781006,931.6924438,932.994812,941.6925049,0,942.1737671,941.5422974,38,15,21.33302116,0,10.00023174,10.00003719,1150
1.1346E+11,842.9672241,60.60768127,843.1323853,847.359375,842.4451904,841.3539429,841.8483887,842.4452515,843.3043823,842.9672241,38,10.95508289,21.3559494,19.77463913,10.00005722,10.00003338,1150
1.1346E+11,941.7016602,56.93701172,942.0882568,938.4174805,931.8519287,933.1279297,941.8519897,0,942.322998,941.7016602,38,15,21.31594658,0,10.00015831,9.999790192,1150
1.1346E+11,942.161377,56.93732452,942.5560303,939.0506592,932.3116455,933.5742188,942.3115845,0,942.7721558,942.161377,38,15,21.23124123,0,9.999817848,10.00016594,1150
1.1346E+11,842.6105347,60.60769653,842.9589233,847.911499,842.5076904,841.4658203,842.7979126,842.5077515,843.1436157,842.6105347,38,10.62632275,18.94283676,19.78926849,10.00006199,10.00013924,1150
1.1346E+11,842.3155518,60.60771179,842.6735229,847.6454468,842.2506104,841.2191772,842.5614624,842.2506104,842.8705444,842.3155518,38,10.60386181,18.86136436,19.78791618,10.00009251,9.99991703,1150
1.13461E+11,973.8938599,57.57686615,974.8309326,984.9066162,975.1618652,974.3163452,976.8855591,975.1619263,975.0497437,973.8938599,38,9.32872963,13.42649937,19.72494888,9.999961853,9.999568939,1150
1.13461E+11,996.0401001,57.5723114,995.8092651,1000.113831,995.4224243,992.317688,989.6964722,994.9833374,996.1130371,996.0401001,14.95696354,15,30.59194946,9.169453621,10.03464127,10.00034523,1150
1.1346E+11,997.1633301,58.57204437,997.3591919,1003.419983,996.999939,996.7553711,996.244751,996.9998169,997.6072388,997.1633301,38,10.42064381,25.27446938,19.74826813,9.999894142,9.999851227,1150
1.1346E+11,995.5770874,58.57202911,995.9736938,1003.459778,995.9186401,995.5944214,995.6115723,995.9187622,996.2561035,995.5770874,38,10.18637085,22.97224808,19.74190331,10.00012207,10.00034142,1150
1.13461E+11,928.805603,55.99611664,928.9206543,920.7030029,918.3821411,919.499939,928.3822021,0,929.1143799,928.805603,38,14.93671989,20.00967216,0,10.00021458,9.999751091,1150
1.1346E+11,931.8636475,57.92417908,932.2792969,923.944519,921.996521,923.5230713,931.996582,0,932.508728,931.8636475,38,15,23.1397953,0,9.999943733,9.999884605,1150
1.1346E+11,997.0865479,58.57620239,997.0157471,1005.409973,996.3360596,996.1179199,995.1575928,996.3360596,997.2236328,997.0865479,38,10.69102478,27.31634331,19.75607872,9.999912262,9.999943733,1150
1.1346E+11,941.7849121,56.93703079,942.2271118,938.7269287,932.0665283,933.3244019,942.0665283,0,942.4959717,941.7849121,38,15,20.94984245,0,9.999898911,10,1150
1.1346E+11,936.9584351,56.92499924,937.40802,933.3919067,927.2107544,928.5552979,937.2107544,0,937.6599121,936.9584351,38,15,21.69309235,0,10.00006866,10.00012875,1150
1.13462E+11,869.112854,57.56228638,868.8175659,871.7607422,867.7788696,867.3579712,865.8388062,867.7788086,869.0620117,869.112854,38,11.53759384,30.15171814,19.82901955,9.999898911,10.00022984,1150
1.1346E+11,951.5522461,57.98578262,951.9316406,949.508606,941.7022095,943.0362549,951.7022095,0,952.1696777,951.5522461,38,14.52066803,20.00463295,0,9.999955177,10.00001335,1150
1.1346E+11,942.0522461,56.95650482,942.4484863,938.8591919,932.2676392,933.4187622,942.2675781,0,942.7020874,942.0522461,38,14.91698933,20.01858902,0,9.99984169,9.999866486,1150
1.1346E+11,951.5134277,57.95639038,951.8792114,949.5355225,941.6268311,942.9143677,951.6268311,0,952.1171875,951.5134277,38,15,21.27602768,0,10.00005817,10.00018406,1150
1.13461E+11,996.3695679,57.57232666,996.1062012,1000.021484,995.4169922,992.3740845,989.8736572,995.1695557,996.3617554,996.3695679,14.83534718,15,30.57003212,9.262757301,10.03068829,9.999931335,1150
1.1346E+11,951.8735352,56.93217468,952.2575073,950.0444946,942.0543213,943.4440308,952.0543213,0,952.5165405,951.8735352,38,15,21.76429176,0,9.999918938,10.00022984,1150
1.1346E+11,972.7453003,56.93083191,973.0608521,965.7785645,962.7009277,964.2304077,972.7010498,0,973.2705688,972.7453003,38,15,23.06031609,0,10.00009632,10.00004673,1150
1.13455E+11,1262.869873,59.94017792,1263.263794,1250.58728,1253.116577,1254.51062,1263.116577,0,1263.557129,1262.869873,38,15,24.43218803,0,9.999873161,10.0000658,1150
1.13454E+11,1073.852051,60.13995361,1074.477661,1070.989258,1064.443604,1068.679443,1074.443604,0,1074.688843,1073.852051,38,7.002405643,19.59882355,0,9.999833107,10.00032139,1150
1.13455E+11,1229.638672,57.96324539,1229.819336,1215.922852,1219.47937,1220.927612,1229.479492,0,1230.045166,1229.638672,38,15,21.60148239,0,10.00063515,9.999925613,1150
1.13455E+11,1140.932373,57.94163513,1141.709229,1136.888916,1132.0448,1134.216797,1142.0448,0,1141.941895,1140.932373,38,11.81619167,19.89743614,0,10.00032616,9.999676704,1150
T-3453509846,1085.386841,52.5129776,1085.230103,1100.609253,1084.456177,1084.410034,1083.405151,1084.456177,1085.54541,1085.386841,38,10.29148006,26.1107254,19.68335724,9.999807358,10.00026989,1150
1.13454E+11,1004.279785,50.97389984,1004.382446,987.9794922,993.8283691,995.8566895,1003.828369,0,1004.619629,1004.279785,38,12.64149284,19.91915321,0,10.00021362,9.999898911,1150
1.13454E+11,1095.139893,58.13890839,1095.342651,1094.293457,1084.950684,1088.793701,1094.950684,0,1095.527466,1095.139893,38,7.995617867,19.6459465,0,10.00000572,9.999709129,1150
1.13454E+11,1055.223877,58.01533508,1055.544556,1037.646851,1045.179932,1046.846069,1055.179932,0,1055.786987,1055.223877,38,13.82235813,19.97341728,0,10.00002956,10.00038242,1150
1.13456E+11,1460.702515,57.57720566,1460.238647,1455.626831,1460.057251,1460.40271,1458.418701,1460.057251,1460.715088,1460.702515,38,10.91891479,30.36664963,19.68260765,10.00002289,10.00009918,1150
1.13454E+11,1078.799927,50.9397583,1079.084351,1075.098633,1068.863525,1070.812134,1078.863403,0,1079.338867,1078.799927,38,12.92042732,19.93416595,0,9.999235153,10.00010777,1150
T-3454605750,1282.532959,55.55768585,1282.348267,1282.194702,1281.598999,1281.449341,1282.05542,1281.598999,1282.682373,1282.532959,38,9.830215454,19.71503067,19.62965012,9.9997015,10.00015545,1150
1.13454E+11,1055.134033,58.11622238,1055.447021,1047.234619,1045.063354,1048.650269,1055.063354,0,1055.658325,1055.134033,38,8.718167305,19.71003914,0,9.99998951,10.00016022,1150
1.13455E+11,1041.487793,56.88601303,1041.885254,1026.490112,1031.650024,1032.760132,1041.649902,0,1042.232422,1041.487793,38,15,25.67116547,0,10.00007629,9.999933243,1150
1.13455E+11,1229.63855,57.96747589,1229.841797,1216.160889,1219.428223,1220.935425,1229.428223,0,1230.040649,1229.63855,38,15,21.83425713,0,9.999977112,9.99971962,1150
1.13454E+11,1090.69873,57.10889053,1090.870605,1088.459229,1080.389526,1083.80603,1090.389526,0,1091.049194,1090.69873,38,9.156804085,19.7305069,0,10.00009823,9.999865532,1150
T-3453510047,1077.291626,51.48647308,1077.108521,1076.444702,1076.033569,1076.312988,1074.300659,1076.033569,1077.300537,1077.291626,38,10.53054905,30.69799423,19.71692085,10.00019169,10.00009632,1150
T-3453510148,1113.677002,51.49901581,1113.457764,1108.137573,1106.666748,1103.657104,1106.019775,1112.374878,1113.655273,1113.677002,13.36357117,15,19.80816269,5.882814884,10.05132294,10.00006962,1150
T-3453510249,1013.541931,51.50902557,1013.258179,1011.276428,1012.070923,1012.003784,1011.343445,1012.070923,1013.452087,1013.541931,38,10.23097229,25.46840668,19.68336105,9.999443054,10.00011349,1150
1.13454E+11,1125.279175,50.95885468,1125.340088,1106.227295,1114.891968,1116.604858,1124.891968,0,1125.576416,1125.279175,38,13.73138618,19.96377563,0,9.999838829,10.00016212,1150
1.13454E+11,1106.46875,50.90151978,1106.508911,1108.373169,1102.004028,1102.837646,1106.046997,0,1106.756592,1106.46875,26.56767654,15,34.5265007,0,10.028862,10.00002766,1150
1.13454E+11,1090.055908,57.10936737,1090.241089,1087.495361,1079.765259,1083.115723,1089.765259,0,1090.493652,1090.055908,38,9.404000282,19.74713707,0,9.999902725,10.00061512,1150
1.13454E+11,1071.536987,50.81586456,1071.642212,1056.26001,1061.139771,1062.636108,1071.139771,0,1071.882324,1071.536987,38,15,26.50447083,0,9.999581337,10.00029564,1150
1.13454E+11,922.4554443,50.74884033,922.62854,902.0723267,907.1188354,910.0933228,922.1676025,0,922.8461304,922.4554443,38,13.92677784,19.97320747,0,9.999998093,10.00008297,1150
1.13455E+11,1262.919067,59.94554138,1263.275635,1251.280273,1253.053467,1254.477051,1263.053589,0,1263.535645,1262.919067,38,15,24.39539146,0,9.999821663,10.0001564,1150
1.13454E+11,1121.120117,56.92481232,1121.370239,1104.112061,1111.80835,1112.765747,1121.80835,0,1121.609131,1121.120117,38,15,21.80916023,0,10.0001173,9.999796867,1150
1.13455E+11,1230.025757,57.96691132,1230.026245,1214.269775,1219.414917,1221.362671,1229.415039,0,1230.271118,1230.025757,38,15,24.83501244,0,10.00027847,10.00028992,1150
1.13455E+11,1152.950562,50.79938507,1153.255737,1147.019409,1143.156006,1144.061279,1153.155884,0,1153.523682,1152.950562,38,15,24.65278244,0,9.999218941,9.999855995,1150
1.13454E+11,1042.840698,50.89810181,1043.040649,1032.626465,1033.464966,1034.454224,1043.465088,0,1043.2948,1042.840698,38,13.95338249,19.97437859,0,10.00012207,10.00011158,1150
1.13454E+11,1080.212524,50.90211868,1080.477661,1078.304932,1070.260132,1071.588257,1080.260132,0,1080.75708,1080.212524,38,14.53168964,19.99510193,0,9.999941826,9.999522209,1150
T-3454606251,1244.255127,53.51818848,1244.123535,1242.289673,1243.356812,1243.598267,1242.184814,1243.356812,1244.424316,1244.255127,38,10.40480232,28.05382729,19.69795799,10.00028706,10.00015831,1150
T-3454606354,1171.645996,51.51329803,1171.537476,1173.686768,1170.979492,1170.371216,1171.271118,1170.979492,1171.755249,1171.645996,38,10.17576694,19.51496124,19.70698738,10.00004005,10.00014496,1150
T-3454605952,1290.627075,55.54211426,1290.549438,1284.827148,1289.745239,1290.095581,1288.534424,1289.745239,1290.801758,1290.627075,38,10.42643929,28.9201622,19.70197868,9.999855042,9.999832153,1150
T-3454606053,1299.909668,53.5369339,1299.777588,1302.55188,1299.026245,1298.908203,1299.398926,1299.026245,1300.080933,1299.909668,38,9.827197075,20.073452,19.63081551,9.999837875,10.00009346,1150
1.13455E+11,1096.626953,50.79621124,1097.033569,1100.206299,1087.015137,1087.818115,1097.015259,0,1097.277222,1096.626953,38,15,22.16691589,0,10.00063324,10.00012112,1150
1.13455E+11,1106.646973,56.955616,1106.973022,1119.069214,1104.036011,1104.753174,1107.204712,0,1107.164551,1106.646973,35.35890579,15,35,0,11.26732349,9.999879837,1150
1.13455E+11,1230.621582,57.96736908,1230.853638,1217.196655,1220.586548,1222.147217,1230.586548,0,1231.117798,1230.621582,38,15,21.85421753,0,10.00010204,9.999967575,1150
1.13456E+11,1459.805054,57.5721817,1459.271118,1452.225342,1458.146484,1457.33667,1455.721069,1458.146484,1459.759277,1459.805054,38,15,35,20.6766243,10.00003338,9.999562263,1150
1.13456E+11,1464.99707,57.57449341,1464.527832,1460.281982,1464.287598,1464.401367,1462.507324,1464.287598,1464.898193,1464.99707,38,11.1534605,30.21648407,19.74468613,10.00019646,10.00091171,1150
1.13454E+11,1289.427856,60.60810852,1289.383423,1291.9198,1288.926514,1288.627319,1288.730835,1288.926514,1289.794067,1289.427856,38,10.40841675,21.81148148,19.69894981,9.99998188,10.00029278,1150
1.13454E+11,1096.789307,58.0189209,1097.046631,1087.330566,1086.671387,1088.292725,1096.671387,0,1097.255615,1096.789307,38,13.92987633,19.9725666,0,10.00018406,9.999755859,1150
1.13455E+11,1276.680786,50.92291641,1276.829224,1264.547852,1266.677979,1268.239746,1276.677856,0,1277.164673,1276.680786,38,14.57926559,19.99957657,0,9.999931335,9.999563217,1150
1.13455E+11,1281.515503,51.00000763,1281.579712,1257.641846,1264.787354,1267.213013,1281.185791,0,1281.860107,1281.515503,38,12.89699841,19.92733765,0,9.999878883,9.999744415,1150
T-3454606555,1244.158691,51.51588058,1244.025879,1257.016235,1243.193848,1242.959106,1243.534912,1243.193848,1244.294556,1244.158691,38,9.847168922,19.60075951,19.62467957,10.00006008,10.00006866,1150
1.13454E+11,1230.312866,50.8562088,1230.574951,1218.775024,1220.386475,1221.75415,1230.386597,0,1230.862305,1230.312866,38,15,20.76617241,0,10.00034237,10.00012302,1150
1.13455E+11,1088.012695,60.09164047,1088.360107,1088.939697,1077.938232,1080.405884,1087.938232,0,1088.565918,1088.012695,38,11.80420685,19.88282394,0,10.0001049,9.999964714,1150
1.13454E+11,1302.520996,60.1860199,1302.688965,1281.032593,1292.39978,1296.647095,1302.39978,0,1303.02417,1302.520996,38,7.309298515,19.54605484,0,10.00028992,10.00042248,1150
T-3454606157,1287.766846,57.5778923,1288.294678,1281.453369,1286.975708,1286.850464,1287.319702,1286.97583,1287.9823,1287.766846,38,9.875374794,20.2646637,19.63567352,10.00009918,10.00016975,1150
1.13455E+11,1127.590698,60.04774094,1127.974731,1117.736328,1117.665405,1119.469482,1127.665405,0,1128.283325,1127.590698,38,13.82110214,19.97453499,0,10.00002098,10.00009823,1150
1.13454E+11,1228.905884,58.0708313,1229.130981,1213.074097,1218.75,1221.507324,1228.75,0,1229.290283,1228.905884,38,10.99670219,19.83704567,0,10.00016499,10.00051498,1150
1.13454E+11,1048.779785,60.14746094,1048.407349,1034.754883,1037.246338,1038.969604,1047.24646,0,1048.589722,1048.779785,38,13.80432129,19.96004295,0,10.0000391,10.0000391,1150
1.13454E+11,1049.366943,60.15098572,1049.003906,1036.991943,1037.895142,1039.775757,1047.895142,0,1049.204712,1049.366943,38,13.46309471,19.94453812,0,9.999874115,9.999839783,1150
1.13455E+11,985.2998047,56.95728302,985.3433228,972.2438354,974.6102905,976.5336914,984.6102295,0,985.6044312,985.2998047,38,15,25.29273033,0,10.00026703,9.999764442,1150
1.13455E+11,1237.43689,56.97015381,1237.708008,1224.348145,1227.522827,1228.944824,1237.522827,0,1237.964844,1237.43689,38,14.82700825,20.00877571,0,10.00010967,10.00012207,1150
1.13455E+11,1037.930664,50.7940979,1038.243286,1031.370117,1028.073975,1028.858032,1038.073975,0,1038.482666,1037.930664,38,15,25.77771568,0,9.999978065,10.00026512,1150
1.13454E+11,1298.047729,58.07115936,1298.172852,1280.07666,1288.677612,1291.294067,1298.677612,0,1298.599121,1298.047729,38,10.78947163,19.81658554,0,9.999835968,9.999699593,1150
1.13454E+11,1228.354614,58.06700134,1228.649658,1212.212891,1218.451782,1221.282349,1228.451904,0,1228.868164,1228.354614,38,10.94872475,19.83721161,0,10.00032711,10.00025368,1150
1.13455E+11,1009.72876,57.99552917,1009.802917,997.8994141,999.119873,1000.821289,1009.119812,0,1010.075562,1009.72876,38,15,23.30024147,0,10.00000095,9.99971199,1150
1.13454E+11,1181.526489,60.60662079,1181.542236,1178.026123,1181.741333,1181.131836,1181.959106,1181.741211,1181.887329,1181.526489,38,10.06707191,17.48037148,19.67453766,9.999745369,9.999846458,1150
1.13455E+11,968.3793945,56.92976379,968.760498,957.8114014,958.4693604,960.0668945,968.4692383,0,969.09729,968.3793945,38,15,23.04220581,0,10.00002861,10.00007343,1150
1.13455E+11,1519.174805,58.58587646,1518.768921,1525.069824,1517.98584,1518.535889,1516.712402,1517.98584,1519.179321,1519.174805,38,10.7375803,31.28718376,19.70716858,9.999903679,10.00005722,1150
1.13454E+11,1301.758789,60.60569763,1301.797852,1297.557007,1302.216553,1301.727173,1302.50769,1302.216553,1302.236938,1301.758789,38,10.0047369,17.05423355,19.66402435,10.00048637,10.00062466,1150
1.13455E+11,1731.229614,57.56374359,1730.698364,1737.426392,1730.352539,1729.664185,1728.465576,1730.352539,1730.968994,1731.229614,38,15,35,20.99711418,10.00002193,9.99942112,1150
1.13454E+11,1298.185791,58.07034683,1298.319702,1280.317383,1288.871216,1291.536621,1298.871338,0,1298.713501,1298.185791,38,10.6438036,19.80721283,0,10.00006771,10.00023746,1150
1.13455E+11,1010.475037,57.99530792,1010.552979,998.7225342,999.883728,1001.556152,1009.883667,0,1010.785706,1010.475037,38,15,23.1150322,0,9.999890327,10.00007725,1150
1.13456E+11,1434.429077,58.58045197,1434.243774,1428.431641,1433.441284,1433.815552,1432.39563,1433.441284,1434.549438,1434.429077,38,10.53015423,29.45736885,19.71910858,9.999850273,10.00076389,1150
1.13455E+11,1043.375244,50.79534531,1043.598755,1036.40686,1033.329102,1034.285645,1043.329102,0,1043.841553,1043.375244,38,15,26.87817192,0,10.00002289,9.999856949,1150
1.13455E+11,1012.619385,56.82871246,1013.009399,1002.020447,1002.683228,1004.939453,1012.68335,0,1013.244629,1012.619385,38,15,28.19559669,0,9.999973297,10.00011539,1150
1.13455E+11,985.1307373,56.95705795,985.1109619,971.5120239,974.328186,976.3346558,984.3283081,0,985.3428955,985.1307373,38,15,25.92855644,0,10.00004196,10.00019455,1150
1.13454E+11,1046.098633,60.12425232,1046.723389,1047.043091,1036.733276,1040.597046,1046.733154,0,1047.043457,1046.098633,38,8.199185371,19.68159676,0,9.99962616,9.999587059,1150
1.13454E+11,1130.026001,60.12001801,1129.707275,1108.279175,1118.660278,1120.249634,1128.660278,0,1129.954834,1130.026001,38,15,20.85545158,0,10.00000286,10.00026035,1150
1.13454E+11,1341.292114,60.608284,1341.119629,1355.839478,1340.331421,1340.082275,1339.824097,1340.331421,1341.279297,1341.292114,38,10.65662479,24.60864258,19.72924423,9.99982357,9.999944687,1150
1.13454E+11,1344.811646,58.58634949,1344.70105,1338.670654,1344.241943,1344.263306,1343.782593,1344.242065,1345.129761,1344.811646,38,10.34034634,24.26247215,19.69914627,10.00015259,10.0001688,1150
1.13455E+11,1299.949829,56.9881897,1300.172852,1291.451904,1290.014404,1291.724243,1300.014404,0,1300.462646,1299.949829,38,14.32861137,19.99113655,0,10.00020695,10.00026608,1150
1.13455E+11,1205.758789,56.92160034,1206.053833,1194.184692,1196.012085,1197.431641,1206.012085,0,1206.406494,1205.758789,38,15,22.35178947,0,10.00014496,9.999836922,1150
1.13455E+11,1728.153809,57.56388474,1727.615356,1733.451172,1727.194092,1726.513184,1725.304565,1727.194092,1727.889282,1728.153809,38,15,35,20.99902344,10.00009823,9.999336243,1150
1.13456E+11,1171.921509,57.09207535,1172.177246,1172.047241,1167.108521,1166.858032,1171.910522,0,1172.438721,1171.921509,20.60534286,15,23.56489944,0,10.02659416,10.00010967,1150
1.13455E+11,1076.347534,50.95795441,1076.670898,1071.450195,1068.545532,1068.471069,1076.636475,0,1076.926636,1076.347534,16.55128098,15,17.66850853,0,10.02272606,10.00010967,1150
1.13454E+11,1036.89209,60.14339447,1037.252319,1026.249146,1026.933716,1030.530151,1036.933838,0,1037.450195,1036.89209,38,8.705757141,19.70583534,0,10.00000954,10.00030422,1150
1.13455E+11,1144.945801,56.89277649,1145.296265,1129.00354,1135.11499,1136.306274,1145.11499,0,1145.566162,1144.945801,38,15,23.6844902,0,10.00041771,9.999975204,1150
1.13456E+11,1375.330933,56.98088074,1375.664429,1376.268555,1369.490234,1369.391357,1376.38855,0,1375.986816,1375.330933,20.93556595,15,22.81759644,0,10.02795315,9.999483109,1150
1.13455E+11,1232.954346,57.98229218,1233.223022,1219.622192,1222.983887,1224.347046,1232.983887,0,1233.435181,1232.954346,38,14.93453979,20.01095963,0,9.99976635,9.999917984,1150
1.13455E+11,1519.64856,58.58588028,1519.14502,1525.137573,1518.051392,1518.250732,1516.55835,1518.051392,1519.376221,1519.64856,38,11.4093895,32.07784271,19.77143669,9.999928474,9.99939537,1150
1.13455E+11,1526.978149,58.58596802,1526.421875,1532.849854,1525.168213,1524.925171,1523.335815,1525.168213,1526.671631,1526.978149,38,12.83274937,33.22271729,19.88306046,10.00016499,9.999753952,1150
1.13455E+11,1619.913574,57.57467651,1619.596069,1623.937866,1618.900879,1619.334351,1617.989502,1618.900879,1620.001953,1619.913574,38,10.67938137,29.51368141,19.72767258,9.999965668,9.999263763,1150
1.13454E+11,1281.621582,60.60583878,1281.524536,1272.735962,1280.997925,1280.78064,1280.225708,1280.997925,1281.751953,1281.621582,38,10.68163967,25.27455902,19.74064636,10.00005627,10.00066662,1150
1.13454E+11,1334.77771,58.58792877,1334.612061,1336.784424,1334.086914,1334.00354,1333.825195,1334.086914,1335.045166,1334.77771,38,10.31243896,22.99349403,19.68835068,10.00028229,9.999902725,1150
1.13455E+11,1205.703613,56.92140961,1205.986938,1193.92749,1195.943359,1197.400757,1205.943359,0,1206.350342,1205.703613,38,15,22.553545,0,10.00017643,10.00002003,1150
1.13454E+11,1276.501221,60.60784149,1276.553223,1271.297729,1276.201172,1276.004395,1275.783081,1276.201172,1276.963989,1276.501221,38,10.42995834,23.20121765,19.7154007,10.00033092,10.00006104,1150
1.13455E+11,1453.919189,57.56797791,1453.514038,1442.340698,1452.662842,1452.497192,1450.653076,1452.662964,1453.996704,1453.919189,38,12.82662296,33.22341919,19.89611816,9.999826431,9.999725342,1150
1.13455E+11,1099.077148,57.99975204,1099.380615,1082.757935,1089.207153,1090.84668,1099.207153,0,1099.651367,1099.077148,38,14.04855442,19.98259354,0,10.00014782,9.999892235,1150
1.13455E+11,975.4874268,57.96165848,975.7252197,964.1978149,965.3341064,966.7764282,975.3341064,0,975.9423828,975.4874268,38,15,22.22885513,0,9.999889374,10.00010586,1150
1.13454E+11,1360.469604,60.60797119,1360.337646,1352.520874,1359.635254,1359.533813,1359.114868,1359.635254,1360.561035,1360.469604,38,10.54382801,25.0174675,19.71908951,9.999793053,9.999606133,1150
1.13456E+11,1220.430908,56.95815659,1220.653442,1217.135742,1211.104126,1212.077881,1221.104126,0,1220.917969,1220.430908,38,14.66304207,20.00277328,0,10.00026417,10.00024796,1150
1.13454E+11,1258.20752,60.60803986,1258.105591,1256.972656,1257.490723,1256.973511,1257.448242,1257.490601,1258.314697,1258.20752,38,10.46725845,20.99969673,19.71408653,9.999485016,9.99965477,1150
1.13454E+11,1342.116089,57.0953064,1342.339233,1339.913696,1332.100342,1335.572876,1342.10022,0,1342.585205,1342.116089,38,9.291543961,19.73590469,0,9.99988842,9.999853134,1150
1.13454E+11,1231.071899,56.93778992,1231.41333,1222.307373,1221.380737,1222.674072,1231.380737,0,1231.72644,1231.071899,38,15,20.58120537,0,9.999968529,9.999836922,1150
1.13455E+11,1526.592651,58.58594513,1525.942627,1530.884644,1524.587891,1523.768555,1522.30188,1524.587891,1526.202026,1526.592651,38,14.57870007,34.65134811,19.99178505,9.99982357,9.999542236,1150
1.13455E+11,1230.710815,56.92628479,1230.989136,1221.127808,1220.934814,1222.367065,1230.934814,0,1231.347046,1230.710815,38,15,22.25444603,0,9.999991417,9.999491692,1150
T-3455405560,1182.554077,52.50808334,1182.140625,1192.714478,1181.229614,1181.189697,1179.983154,1181.229736,1182.396606,1182.554077,38,10.69308853,28.58931732,19.72270966,10.00059509,10.00013828,1150
1.13454E+11,1387.745361,57.96154022,1387.974243,1385.667236,1377.750732,1379.439697,1387.750732,0,1388.227295,1387.745361,38,15,22.05217743,0,9.999628067,10.00028324,1150
1.13454E+11,1370.182739,56.92900085,1370.47522,1356.696899,1360.50708,1362.313965,1370.506958,0,1370.888306,1370.182739,38,15,22.76788712,0,9.999629974,9.999978065,1150
1.13454E+11,1506.016602,56.55369568,1505.753174,1509.918213,1505.013672,1505.354492,1503.564575,1505.013672,1506.066772,1506.016602,38,11.07387257,31.83817863,19.76921082,9.999840736,10.00061035,1150
1.13454E+11,1385.966431,58.06531525,1386.180786,1380.05127,1375.952637,1378.714355,1385.952637,0,1386.436279,1385.966431,38,11.48262978,19.86085701,0,10.0001545,10.00004101,1150
1.13454E+11,1425.381226,56.97473145,1425.499268,1421.007813,1415.245361,1417.322876,1425.245361,0,1425.890137,1425.381226,38,15,22.67530632,0,10.00000381,10.00000572,1150
1.13454E+11,1369.890625,56.92870331,1370.296387,1357.351074,1360.46106,1362.059937,1370.460938,0,1370.709839,1369.890625,38,15,21.26316643,0,9.999674797,10.00012493,1150
1.13454E+11,1265.460205,56.99265289,1265.760864,1260.943359,1255.734619,1257.778076,1265.734619,0,1266.084961,1265.460205,38,13.42412186,19.95727158,0,10.0000391,9.999650955,1150
1.13455E+11,1394.368774,57.56912231,1394.137329,1388.699341,1393.461548,1393.719727,1392.308594,1393.461548,1394.44519,1394.368774,38,10.63302326,28.9073925,19.72771072,10.00003529,9.999750137,1150
1.13454E+11,1386.147705,58.06562805,1386.387085,1380.464478,1376.278198,1379.071289,1386.278198,0,1386.675171,1386.147705,38,11.45406628,19.86117172,0,9.999951363,10.00067043,1150
1.13454E+11,1508.054321,58.58798218,1507.657471,1507.296875,1507.655273,1507.483643,1506.893555,1507.655273,1507.947754,1508.054321,38,10.80232239,23.93424606,19.72755814,9.999886513,9.999706268,1150
1.13455E+11,1260.807007,56.93425751,1260.637329,1247.151855,1250.724976,1252.417725,1260.724976,0,1260.964478,1260.807007,38,15,26.32382774,0,10.00014114,10.0003376,1150
1.13454E+11,1267.253418,60.06419373,1267.787354,1263.562134,1257.906372,1260.785034,1267.906494,0,1268.157104,1267.253418,38,11.31329536,19.86225319,0,10.00016022,10.00036907,1150
1.13454E+11,1371.008545,56.9286232,1371.30603,1357.578979,1361.324829,1363.139526,1371.324829,0,1371.71814,1371.008545,38,15,22.89801788,0,10.0000639,10.0003891,1150
1.13455E+11,1544.91394,57.56393433,1544.745117,1534.989746,1544.40979,1545.243774,1543.286865,1544.40979,1545.234985,1544.91394,38,10.23323822,31.07343864,19.69051361,9.999849319,9.999769211,1150
1.13454E+11,1230.10437,56.93811798,1230.435913,1221.226074,1220.411621,1221.708008,1230.411621,0,1230.753418,1230.10437,38,15,20.54474068,0,9.999943733,9.999302864,1150
1.13454E+11,1304.574463,58.03543472,1304.831665,1316.290527,1302.485352,1303.134033,1304.759766,0,1305.133789,1304.574463,34.83031845,15,34.80241013,0,10.02765274,10.00010681,1150
T-3454606358,1181.471558,51.51329803,1181.439209,1182.640747,1180.624268,1180.567261,1180.801758,1180.624268,1181.658569,1181.471558,38,9.749551773,20.8198719,19.60921097,10.00008869,9.999479294,1150
1.13454E+11,1245.599487,60.03207779,1246.17395,1239.525513,1236.285645,1238.647461,1246.285645,0,1246.536011,1245.599487,38,12.68134689,19.92975616,0,10.00016022,10.00010967,1150
1.13454E+11,1229.806763,56.96463013,1230.10083,1221.020142,1220.047363,1221.539307,1230.047363,0,1230.428833,1229.806763,38,14.73605633,20.00741386,0,9.999978065,10.00013733,1150
1.13454E+11,1300.866089,58.03577423,1301.135132,1316.229248,1299.282471,1299.876953,1301.338379,0,1301.464844,1300.866089,39.82253647,15,35,0,10.69401264,10.00011826,1150
1.13454E+11,1230.253296,56.92742157,1230.588989,1221.388428,1220.525879,1221.794189,1230.525879,0,1230.883667,1230.253296,38,15,21.23273849,0,9.999878883,10.00011063,1150
1.13454E+11,1367.119751,51.49095917,1366.770264,1358.878052,1366.218506,1366.383179,1364.559937,1366.218506,1367.141113,1367.119751,38,10.94082069,30.83089447,19.75485229,9.999887466,9.999901772,1150
1.13454E+11,1229.67334,56.93813324,1229.941528,1220.028076,1219.84021,1221.279297,1229.84021,0,1230.259399,1229.67334,38,15,21.48441696,0,10.00026989,10.00012684,1150
1.13458E+11,1351.499268,57.96093369,1351.648926,1333.491455,1342.210083,1343.398682,1352.210205,0,1351.961914,1351.499268,38,15,20.9237175,0,10,9.999997139,1150
1.13454E+11,1349.404785,57.56760406,1349.356323,1343.850708,1349.063354,1349.250488,1347.757935,1349.063354,1349.828247,1349.404785,38,10.69279671,28.50066948,19.73670006,10.00005627,9.999930382,1150
1.13455E+11,1300.199951,56.98916626,1300.28125,1290.607788,1289.876465,1291.397339,1299.876587,0,1300.503662,1300.199951,38,15,20.7201519,0,10.00007343,10.00024605,1150
1.13455E+11,1206.186035,56.92207336,1206.495728,1194.313232,1196.419312,1197.934814,1206.419312,0,1206.858887,1206.186035,38,15,22.70447159,0,9.999941826,10.0000248,1150
1.13455E+11,1205.442627,56.9222908,1205.786377,1193.873047,1195.729858,1197.181396,1205.729858,0,1206.140869,1205.442627,38,15,22.31417084,0,9.999723434,10.0004921,1150
T-3455405861,1240.246704,51.49610138,1239.831055,1241.972168,1239.021118,1239.015747,1237.879517,1239.021118,1240.148682,1240.246704,38,10.61488819,28.05958176,19.71486473,10.00014305,9.999991417,1150
1.13455E+11,1532.876953,58.57654572,1532.560547,1528.405151,1532.204102,1532.543335,1530.978027,1532.204102,1532.880615,1532.876953,38,10.73698139,30.16320038,19.73871613,10.00000477,9.999728203,1150
1.13454E+11,1324.77478,50.80916595,1324.842773,1321.440063,1315.211914,1316.206665,1324.689575,0,1325.213013,1324.77478,22.60613632,15,28.01089668,0,10.02721786,9.999847412,1150
1.13454E+11,1284.690674,50.78335953,1284.897705,1268.084839,1269.33374,1271.677734,1284.673584,0,1285.212402,1284.690674,38,13.15601921,19.94153976,0,9.999997139,10.00040817,1150
1.13456E+11,879.836792,57.06933975,879.9682617,877.5567627,869.3028564,871.515564,879.3028564,0,880.1224976,879.836792,38,11.97553635,19.8931942,0,10.00008488,10.00012016,1150
1.13455E+11,1351.310669,57.57382965,1351.087158,1349.867554,1351.153931,1351.083862,1350.38916,1351.153931,1351.391968,1351.310669,38,10.34510231,24.39865685,19.69542313,9.999822617,9.999914169,1150
1.13454E+11,1351.611206,56.99866486,1351.859375,1364.137817,1348.654785,1349.342651,1351.718262,0,1352.134644,1351.611206,37.23970032,15,34.47344208,0,10.02744484,10.00007343,1150
1.13454E+11,1348.767456,57.56729126,1348.762451,1343.963135,1348.294067,1348.273804,1347.336914,1348.294067,1349.025513,1348.767456,38,10.6570282,26.76760292,19.74981117,9.999979973,10.00012207,1150
1.13455E+11,1839.281372,60.60036469,1839.175537,1850.52002,1839.601929,1840.005859,1838.499878,1839.601929,1839.549805,1839.281372,38,10.99768162,31.69686508,19.76004219,10.00000572,10.00015831,1150
1.13455E+11,1290.241333,50.93214417,1290.416016,1279.721558,1280.259766,1282.126587,1290.259766,0,1290.761963,1290.241333,38,13.67627239,19.96294785,0,10.00025463,10.0001297,1150
1.13455E+11,1155.690552,56.88666916,1156.080688,1142.537598,1146.03833,1147.272705,1156.03833,0,1156.430054,1155.690552,38,15,23.80417824,0,9.999753952,10.00029564,1150
1.13454E+11,1295.750488,56.54505157,1295.724731,1293.216675,1295.227661,1295.312622,1293.605225,1295.227661,1296.005127,1295.750488,38,10.91617393,30.32780266,19.7643013,9.999794006,9.999723434,1150
1.13456E+11,997.4147339,56.06928253,997.3621826,997.512146,986.6813354,988.8123169,996.6813354,0,997.5640259,997.4147339,38,12.38221359,19.89917755,0,10.0003252,10.00016785,1150
1.13454E+11,1350.907593,56.91383743,1351.248779,1361.790649,1346.223755,1347.104126,1351.134766,0,1351.558228,1350.907593,36.97748947,15,34.3367157,0,10.03367901,10.00004387,1150
1.13455E+11,1281.768188,50.88235092,1282.076294,1264.575195,1271.942749,1273.608154,1281.942749,0,1282.546753,1281.768188,38,15,21.44703674,0,10.00009823,9.999588013,1150
1.13454E+11,1300.98938,56.88032532,1301.319092,1292.715576,1291.240356,1292.553223,1301.240356,0,1301.615845,1300.98938,38,15,24.45590782,0,10.00001144,10.00075817,1150
1.13454E+11,1310.03833,55.86201477,1310.311646,1304.894043,1300.194336,1301.635254,1310.194336,0,1310.656128,1310.03833,38,15,26.0091877,0,9.999849319,9.999895096,1150
1.13454E+11,1179.081543,56.94693756,1179.4104,1166.30957,1169.365967,1170.722412,1179.365845,0,1179.737793,1179.081543,38,15,20.32209015,0,10.00017834,9.999886513,1150
1.13455E+11,1278.682495,50.88024521,1278.819946,1261.120361,1268.561279,1270.189941,1278.561279,0,1279.197754,1278.682495,38,15,21.77291679,0,9.999582291,10.00022602,1150
1.13458E+11,1303.80835,59.88550568,1304.02002,1298.767944,1287.919189,1290.302856,1303.640625,0,1304.231689,1303.80835,71.07225037,12.99583912,19.93003464,0,10.00006104,9.999559402,1150
1.13454E+11,1284.783203,50.78328705,1284.979736,1268.203979,1269.44165,1271.755249,1284.731079,0,1285.315796,1284.783203,38,13.17286015,19.94312477,0,10.00026989,10.00016212,1150
T-3454606656,1040.043579,51.50885773,1039.54834,1036.800903,1038.601685,1038.320679,1037.84021,1038.601685,1039.853638,1040.043579,38,10.4377203,25.04299164,19.70512009,9.999952316,10.00002575,1150
1.13455E+11,1155.775879,56.9339447,1156.119507,1142.610229,1146.042969,1147.393066,1156.042969,0,1156.446777,1155.775879,38,15,21.30866241,0,9.999922752,10.0000124,1150
1.13454E+11,1304.371948,55.87660217,1304.639526,1296.255249,1294.517212,1295.927246,1304.517212,0,1304.944092,1304.371948,38,15,26.40063095,0,10.00025177,9.999849319,1150
1.13454E+11,1295.27063,51.4858551,1295.130005,1292.49585,1294.555786,1294.687744,1292.996094,1294.555786,1295.475098,1295.27063,38,10.7903204,30.14568329,19.74956322,9.999803543,9.999968529,1150
1.13455E+11,1155.68042,56.88650513,1156.05249,1142.468994,1145.983887,1147.224243,1155.983887,0,1156.393677,1155.68042,38,15,24.00790977,0,10.00002956,9.999977112,1150
1.13456E+11,1037.367188,59.99226379,1037.607422,1023.415588,1027.14978,1028.677124,1037.149658,0,1037.826538,1037.367188,38,15,23.08541298,0,10.00004768,9.999955177,1150
1.13454E+11,1328.252319,56.89142609,1328.470825,1324.094849,1318.196411,1319.865723,1328.196411,0,1328.773926,1328.252319,38,15,26.09678268,0,10.00041771,9.999833107,1150
1.13454E+11,1304.669312,56.54204559,1304.452393,1297.574829,1303.835205,1303.877075,1301.86377,1303.835083,1304.702148,1304.669312,38,11.35452461,32.0081749,19.79621124,9.999628067,9.999988556,1150
1.13455E+11,1046.959229,60.02735519,1047.612305,1051.518799,1037.633301,1039.816528,1047.633301,0,1047.918701,1046.959229,38,12.60303688,19.93008041,0,10.00010014,10.00003719,1150
1.13455E+11,1054.894897,60.03372955,1054.622803,1045.677124,1043.615356,1045.576782,1053.615356,0,1054.811279,1054.894897,38,15,25.45676994,0,10.00005722,10.00028992,1150
1.13455E+11,1267.656982,50.95869446,1267.799316,1271.121338,1263.314941,1263.571655,1267.608643,0,1268.149414,1267.656982,25.263937,15,28.76039886,0,10.0335083,9.999844551,1150
1.13454E+11,1307.638916,56.54298782,1307.408569,1300.271851,1306.79541,1306.800049,1304.818848,1306.79541,1307.660156,1307.638916,38,11.34683418,32.00205231,19.79283333,10.00018311,10.00028896,1150
1.13455E+11,1258.625244,56.98612976,1258.915405,1263.943115,1255.26709,1255.806519,1258.917358,0,1259.201538,1258.625244,25.86473656,15,32.2473259,0,10.02499104,10.00015259,1150
1.13455E+11,1172.783813,50.91961288,1172.958496,1161.897949,1162.618164,1164.056274,1172.618164,0,1173.232788,1172.783813,38,14.43577671,19.98963356,0,10.00016499,9.99993515,1150
1.13454E+11,1296.89978,50.78460312,1297.043091,1277.847168,1281.51123,1283.940308,1296.819214,0,1297.391357,1296.89978,38,13.08555698,19.93712234,0,10.00000572,10.00016117,1150
1.13455E+11,1237.216553,50.78295898,1237.416504,1218.641479,1221.942993,1223.986328,1237.142212,0,1237.686279,1237.216553,38,13.45142555,19.95136452,0,10.00014782,10.00009441,1150
1.13454E+11,1252.109131,56.88212204,1252.410522,1239.758057,1242.168457,1243.543945,1252.168213,0,1252.704224,1252.109131,38,15,26.77522278,0,9.99960804,9.999968529,1150
1.13454E+11,1300.915771,56.97392273,1301.133301,1292.645264,1290.955322,1292.528442,1300.955322,0,1301.443604,1300.915771,38,15,20.61413193,0,9.999978065,9.999764442,1150
1.13454E+11,1299.908569,56.88070679,1300.245483,1291.490479,1290.174072,1291.495117,1300.17395,0,1300.536255,1299.908569,38,15,24.47590256,0,9.998996735,10.00006294,1150
1.13454E+11,1306.254395,51.46125031,1306.004761,1297.924194,1305.423218,1305.005249,1302.983276,1305.423218,1306.451904,1306.254395,38,12.76121521,33.15405273,19.9076519,10.00016308,10.00027084,1150
1.13454E+11,1298.269653,50.81600952,1298.443115,1291.992432,1288.251465,1289.903564,1298.251465,0,1298.775757,1298.269653,38,15,25.39992714,0,10.00007057,9.999499321,1150
1.13455E+11,1238.047974,50.95960999,1238.233398,1237.020508,1227.941895,1230.1427,1237.941895,0,1238.509644,1238.047974,38,12.43871498,19.90619469,0,10.00012589,10.00042534,1150
1.13455E+11,1172.675049,50.9406662,1172.824097,1168.196411,1162.455078,1164.239624,1172.454956,0,1173.077881,1172.675049,38,13.53854656,19.95505905,0,9.999803543,10.0001812,1150
1.13455E+11,1214.345581,50.93784332,1214.540283,1208.147583,1204.311401,1206.475464,1214.311401,0,1214.860474,1214.345581,38,12.84665966,19.93120956,0,9.999637604,10.00004578,1150
1.13455E+11,1130.459595,60.58811951,1130.468262,1127.354126,1129.88916,1130.033447,1127.959717,1129.888916,1130.755249,1130.459595,38,10.84655857,31.56448174,19.7490921,9.999789238,10.00025368,1150
1.13455E+11,1268.10022,50.95857239,1268.264893,1271.303833,1263.63501,1263.867798,1268.081421,0,1268.631592,1268.10022,25.01654053,15,28.13574028,0,10.03352642,10.0000515,1150
1.13455E+11,1257.834351,50.81892395,1258.041748,1270.782959,1253.302979,1254.015503,1258.24292,0,1258.420776,1257.834351,39.87472916,15,35,0,11.24557018,9.999842644,1150
1.13454E+11,1164.231201,56.87823868,1164.55188,1151.236816,1154.469238,1155.695923,1164.469238,0,1164.874023,1164.231201,38,15,24.5065918,0,9.999788284,10.00042629,1150
1.13455E+11,1376.231934,50.92578888,1376.379272,1362.9646,1366.259521,1368.239136,1376.259521,0,1376.767944,1376.231934,38,13.90171337,19.97459984,0,9.999961853,9.999617577,1150
1.13454E+11,1132.367798,57.56428528,1132.133667,1130.465332,1131.429932,1131.625488,1129.805542,1131.429932,1132.533081,1132.367798,38,10.61481857,29.7498455,19.7140255,9.999927521,10.00026703,1150
1.13456E+11,1437.201294,57.5699234,1422.707397,1423.963135,1436.593506,1437.09375,1434.765747,1436.593506,1437.172852,1437.201294,38,10.71875858,31.51501083,19.7016449,9.999749184,9.999717712,1150
1.13455E+11,1211.641724,50.93473816,1211.688354,1204.313721,1201.513428,1203.390137,1211.51355,0,1211.986206,1211.641724,38,13.43384266,19.95111084,0,9.999695778,10.0001564,1150
1.13454E+11,1097.550293,58.57401276,1097.407471,1094.621094,1096.734863,1096.804565,1095.212402,1096.734863,1097.654663,1097.550293,38,10.6667614,29.43973732,19.74000931,10.00010681,10.00017643,1150
1.13454E+11,1097.631348,57.56323242,1097.520386,1095.336426,1096.887939,1096.75647,1095.450195,1096.887939,1097.734375,1097.631348,38,10.76915073,28.59523582,19.753582,10.00008678,9.999818802,1150
1.13454E+11,1303.906128,56.88678741,1304.126343,1296.984375,1293.861084,1295.400879,1303.861084,0,1304.391113,1303.906128,38,15,25.82436562,0,10.00017452,9.99993515,1150
1.13456E+11,1366.870117,57.07453918,1367.054199,1358.186523,1356.87085,1359.776733,1366.87085,0,1367.48645,1366.870117,38,11.42232609,19.85835266,0,10.00000858,10.00010681,1150
1.13454E+11,1214.410645,56.87683105,1214.678345,1202.910889,1204.515381,1205.922119,1214.515259,0,1214.989136,1214.410645,38,15,25.46042061,0,9.999667168,9.999871254,1150
1.13454E+11,1303.690552,57.09700775,1303.800781,1304.372803,1293.420288,1296.651489,1303.42041,0,1304.043579,1303.690552,38,9.929888725,19.76922607,0,10.00037289,10.00017262,1150
1.13457E+11,1256.140137,60.09954071,1257.315552,1244.165283,1246.547485,1250.256226,1256.547485,0,1256.995605,1256.140137,38,10.61262417,19.81796265,0,9.999764442,9.999945641,1150
1.13455E+11,1258.015991,50.84635162,1258.227173,1240.2771,1248.027466,1249.547974,1258.027588,0,1258.581299,1258.015991,38,15,22.08280945,0,10,9.999866486,1150
1.13455E+11,1173.208496,57.86489868,1173.849976,1158.894287,1163.720825,1164.622559,1173.720825,0,1174.129395,1173.208496,38,15,28.00161934,0,10.00013828,9.999956131,1150
1.13455E+11,1180.0177,52.00001526,1180.723389,1171.2146,1171.118042,1171.121338,1181.118042,0,1181.029541,1180.0177,38,15,23.03303528,0,9.999999046,9.999597549,1150
1.13454E+11,1067.030762,57.04498672,1066.989502,1054.718506,1056.320313,1057.886597,1066.320313,0,1067.295044,1067.030762,38,14.28485298,19.99027252,0,9.999843597,10.00002003,1150
1.13454E+11,1008.179688,57.0920372,1008.350464,1019.142029,1006.54425,1006.450867,1007.847107,0,1008.547668,1008.179688,32.96050262,15,33.66965485,0,10.02722931,10.00039768,1150
1.13454E+11,1133.442261,57.56428146,1133.075562,1131.238525,1132.16748,1132.162476,1130.373657,1132.167603,1133.286377,1133.442261,38,10.91376114,30.56077003,19.74076271,9.999862671,10.00024319,1150
1.13455E+11,1182.492676,50.78517914,1182.721924,1170.02417,1172.500977,1173.505005,1182.500977,0,1182.9823,1182.492676,38,15,27.72937584,0,10.00052738,9.999912262,1150
1.13454E+11,1162.887207,56.88941193,1163.240479,1149.933838,1153.23584,1154.463867,1163.23584,0,1163.595215,1162.887207,38,15,23.56171608,0,9.999941826,10.00022602,1150
1.13455E+11,1161.895874,50.80207062,1162.065308,1156.039185,1151.704956,1152.887939,1161.704956,0,1162.330933,1161.895874,38,15,26.60563469,0,10.00027084,10.00015926,1150
1.13455E+11,1160.281494,50.80146027,1160.567749,1155.279175,1150.476074,1151.457764,1160.476074,0,1160.842041,1160.281494,38,15,25.17869949,0,9.999955177,10.00018692,1150
1.13455E+11,1566.627686,51.50956726,1566.232056,1580.506592,1568.024902,1567.929565,1565.060791,1565.587158,1566.554321,1566.627686,30,11.04598904,31.82815933,19.76832008,9.999756813,10.00012779,1150
1.13455E+11,1215.036499,50.93816757,1215.206055,1208.962158,1204.969116,1206.986206,1214.969116,0,1215.484131,1215.036499,38,13.20735073,19.9460392,0,10.00024128,9.999751091,1150
1.13455E+11,1228.839111,54.85318756,1229.279541,1219.679443,1219.483154,1220.424072,1229.483154,0,1229.609009,1228.839111,38,15,22.06780815,0,10.00002003,10.00012016,1150
1.13454E+11,1130.557129,57.56410599,1130.196411,1128.145996,1129.29541,1129.303833,1127.488525,1129.29541,1130.415283,1130.557129,38,10.90844059,30.65927124,19.73912239,10.00040817,10.00042057,1150
1.13455E+11,1564.501831,51.50952148,1564.021606,1579.245239,1563.137939,1563.487549,1562.275635,1563.137939,1564.356934,1564.501831,38,10.6037426,28.87056351,19.70587921,10.00012493,10.00023365,1150
1.13454E+11,1097.503174,58.57397461,1097.345093,1094.533447,1096.650757,1096.728271,1095.14624,1096.650757,1097.576904,1097.503174,38,10.6518774,29.49539185,19.7372036,10.00002956,10.00033951,1150
1.13454E+11,1121.182861,57.56103897,1120.957275,1118.728516,1120.227539,1120.326904,1118.554565,1120.227539,1121.191406,1121.182861,38,10.76147842,30.61186028,19.74374962,9.999477386,10.00020313,1150
1.13455E+11,1221.863159,55.87575531,1222.459106,1213.634033,1212.823486,1213.618896,1222.823486,0,1222.779053,1221.863159,38,14.77826595,20.00690079,0,9.999793053,10.00077534,1150
1.13454E+11,1097.277954,57.5633316,1097.197266,1095.165894,1096.622925,1096.530762,1095.265015,1096.622925,1097.432739,1097.277954,38,10.68142509,28.16912842,19.74803543,10.00026226,9.999643326,1150
1.13454E+11,1098,58.57393646,1097.832886,1095.054199,1097.146362,1097.163086,1095.590576,1097.146362,1098.067749,1098,38,10.73971748,29.74478722,19.74303246,10.0004797,9.999354362,1150
1.13454E+11,1097.676147,57.56333923,1097.673584,1095.588867,1097.192627,1097.285767,1095.947998,1097.192627,1098.063721,1097.676147,38,10.44343376,27.90618324,19.72457695,9.999998093,10.00023365,1150
1.13455E+11,1565.745605,51.50950623,1565.368774,1580.953003,1568.445923,1567.80249,1564.456299,1564.819702,1565.71228,1565.745605,30,12.12577343,32.69321823,19.85681343,9.999918938,10.00044918,1150
1.13454E+11,1152.502319,59.95372772,1153.336548,1143.593384,1143.532104,1144.585938,1153.532104,0,1153.616577,1152.502319,38,14.30944538,19.99398613,0,9.999996185,9.999861717,1150
1.13455E+11,1572.885742,51.50049591,1572.439331,1580.457153,1572.749756,1570.265015,1567.631836,1572.397583,1572.766968,1572.885742,21.97246552,15,31.64399338,9.79815197,10.03011513,10.00075817,1150
1.13454E+11,1126.416382,56.90910721,1126.389282,1113.601196,1116.500122,1118.025879,1126.500122,0,1126.632813,1126.416382,38,15,26.15452003,0,10.0002718,10.00024319,1150
1.13455E+11,1557.574951,51.50952911,1557.073364,1569.395386,1556.242554,1556.490601,1554.90625,1556.242554,1557.4646,1557.574951,38,11.06076813,30.31094742,19.74289894,10.00002289,10.00002193,1150
1.13456E+11,1665.550537,58.574646,1651.234375,1661.136597,1665.408569,1664.856934,1663.184692,1665.408569,1665.861084,1665.550537,38,14.58267593,34.65223694,20.00841713,9.999903679,9.999908447,1150
1.13454E+11,1097.588501,58.57395935,1097.492065,1095.118164,1096.898804,1096.91687,1095.441895,1096.898804,1097.738647,1097.588501,38,10.66067028,28.94316864,19.74226189,10.00002956,10.00015545,1150
1.13454E+11,1073.502808,57.5565567,1073.28479,1070.246338,1072.513306,1072.487915,1070.488892,1072.513306,1073.498169,1073.502808,38,11.04099274,31.45212555,19.76928139,9.999950409,9.999144554,1150
1.13457E+11,1345.143677,57.5671196,1341.81665,1341.752197,1344.404175,1345.352295,1343.721436,1344.404175,1345.338379,1345.143677,38,10.63608456,29.49189377,19.73149109,10.00015068,10.00021935,1150
T-3457902786,1536.534424,68.64247131,1537.208618,1543.856689,1535.364014,1534.964478,1536.853638,1535.364014,1536.386841,1536.534424,38,9.832665443,14.61369038,19.6249733,9.999883652,10.00034046,1150
1.13454E+11,1152.28125,59.95376587,1152.775513,1141.271973,1142.592896,1143.793823,1152.592896,0,1153.043823,1152.28125,38,15,22.84000778,0,10.00001049,9.999996185,1150
1.13456E+11,1664.541016,58.5745163,1650.249512,1659.901733,1664.37146,1663.769775,1662.147217,1664.37146,1664.718018,1664.541016,38,14.62974072,34.69137955,20.00918579,10.0007782,9.999577522,1150
1.13455E+11,1221.583862,50.79169464,1222.303467,1215.530029,1212.841187,1213.070313,1222.841187,0,1222.620972,1221.583862,38,15,20.28480911,0,9.999866486,9.999747276,1150
1.13455E+11,1562.815796,51.50474548,1562.392944,1557.006958,1561.679932,1562.042114,1560.652344,1561.679932,1562.735229,1562.815796,38,10.64038849,29.47717476,19.71531487,10.00022984,9.999595642,1150
1.13454E+11,1144.206543,56.92330551,1144.528564,1134.690674,1134.991089,1135.791504,1144.991089,0,1144.775269,1144.206543,38,15,20.75722694,0,10.0000248,10.00000286,1150
1.13454E+11,1103.401001,57.06389236,1103.60083,1095.05603,1093.194946,1095.843018,1103.194946,0,1103.849976,1103.401001,38,11.30966854,19.85657501,0,9.999958992,10.00006104,1150
1.13455E+11,1238.612793,50.79681396,1238.83313,1229.276489,1228.843994,1229.950562,1238.843994,0,1239.182495,1238.612793,38,15,26.15385628,0,10.00001526,9.999898911,1150
1.13455E+11,1209.630249,50.78874207,1210.252686,1202.761719,1200.760132,1200.973877,1210.760254,0,1210.563232,1209.630249,38,15,20.79972839,0,10.00042534,9.999779701,1150
1.13454E+11,1090.2771,57.05898285,1090.435181,1080.136597,1079.939087,1082.343994,1089.938965,0,1090.652954,1090.2771,38,11.94797611,19.88694,0,9.999675751,9.999961853,1150
1.13454E+11,1143.59082,57.09210205,1143.840088,1143.439941,1133.479248,1136.815918,1143.479248,0,1144.05127,1143.59082,38,9.392524719,19.7461586,0,9.999780655,9.999984741,1150
1.13455E+11,1224.685669,50.79600525,1224.797607,1220.862061,1215.327393,1216.229614,1224.572144,0,1225.067627,1224.685669,21.20651627,15,26.52846718,0,10.02610779,10.00012398,1150
1.13456E+11,1685.155518,57.57774353,1684.96936,1694.615967,1685.318726,1685.629639,1684.940308,1685.318726,1685.547363,1685.155518,38,10.12842464,23.42328835,19.6656189,9.999979019,9.999671936,1150
1.13454E+11,1007.560425,57.09182739,1007.725647,1019.107788,1006.218628,1006.150269,1007.213867,0,1007.919495,1007.560425,33.42166138,15,34.52291107,0,10.02628136,9.999734879,1150
1.13456E+11,1696.571533,57.56235886,1682.371826,1699.589966,1696.61084,1696.595337,1694.842529,1696.61084,1696.849976,1696.571533,38,12.78645802,33.17913437,19.89195442,9.999811172,10.00011444,1150
1.13454E+11,1102.103516,57.0639267,1102.32605,1093.648315,1091.937622,1094.681396,1101.937622,0,1102.568237,1102.103516,38,11.09461308,19.84592819,0,9.999773026,9.999581337,1150
1.13454E+11,1128.400391,56.90924835,1128.380127,1115.665771,1118.490601,1120.049316,1128.490601,0,1128.673096,1128.400391,38,15,26.21424484,0,10.00030422,9.99982357,1150
1.13455E+11,1143.57959,50.78269958,1143.844116,1130.11145,1133.620972,1134.462158,1143.620972,0,1144.11438,1143.57959,38,15,29.06204796,0,10.00046158,10.00003719,1150
1.13454E+11,1102.729858,57.06404877,1102.949829,1094.369751,1092.583374,1095.327515,1102.583374,0,1103.244751,1102.729858,38,11.13618088,19.84796524,0,10.00028801,10.00005436,1150
1.13454E+11,1058.914795,58.06441498,1058.89624,1046.298828,1048.204712,1049.9198,1058.204712,0,1059.160278,1058.914795,38,13.80738544,19.96801758,0,9.999844551,9.999744415,1150
1.13454E+11,1007.956909,57.09211731,1008.039001,1019.038452,1006.218506,1006.301758,1007.469788,0,1008.268921,1007.956909,33.8275795,15,35,0,10.15125656,10.00003338,1150
1.13454E+11,990.6381226,56.00650406,990.8486938,979.4160156,980.4558105,982.0639038,990.4556885,0,991.0577393,990.6381226,38,13.70545197,19.96418953,0,10.00013542,9.999960899,1150
1.13454E+11,1008.975403,58.11404419,1009.179749,1019.102722,1008.337402,1008.137268,1008.710754,0,1009.360107,1008.975403,29.95864677,15,34.96855164,0,10.02506733,9.999614716,1150
1.13454E+11,1034.512207,57.02888107,1034.487671,1021.137207,1023.789734,1025.071777,1033.789673,0,1034.713135,1034.512207,38,14.78275585,20.0074501,0,10.00012875,10.00006008,1150
1.13455E+11,1183.786499,50.7851944,1184.074707,1171.97937,1173.954712,1174.847534,1183.954712,0,1184.343872,1183.786499,38,15,26.80968475,0,9.999853134,10.00027561,1150
1.13454E+11,937.6469116,57.97523117,937.8405151,932.6381836,928.0384521,928.5706787,938.0384521,0,938.0098267,937.6469116,38,15,20.26032448,0,10.00008297,10.00016689,1150
1.13455E+11,1142.556763,50.79701996,1142.757446,1134.354614,1132.460938,1133.552124,1142.460938,0,1143.012573,1142.556763,38,15,26.52527809,0,10.00007629,10.00003529,1150
1.13455E+11,1141.194824,57.94184875,1142.006714,1137.638062,1132.389404,1134.695435,1142.389404,0,1142.223022,1141.194824,38,11.42886925,19.88234329,0,10.00019073,9.999144554,1150
1.13454E+11,969.6673584,60.13618469,969.7958984,963.8349609,959.0629272,961.6427612,969.0628662,0,969.9588623,969.6673584,38,11.21767998,19.84583282,0,9.999927521,9.999833107,1150
1.13455E+11,985.0109863,56.95661163,985.0059814,971.4228516,974.2426758,976.2562866,984.2426147,0,985.2575684,985.0109863,38,15,25.89352417,0,9.999850273,9.999739647,1150
1.13455E+11,1094.830688,56.95410538,1095.285156,1097.602905,1085.233765,1086.96167,1095.233765,0,1095.507202,1094.830688,38,13.61312103,19.96471786,0,10.00031376,9.999812126,1150
1.13456E+11,1351.595703,56.93468857,1351.681519,1337.437988,1342.072754,1343.470581,1352.072754,0,1351.978638,1351.595703,38,15,23.1086235,0,9.999954224,10.00001144,1150
1.13454E+11,1008.008911,57.0921936,1008.225525,1018.957031,1007.02002,1006.920471,1007.769592,0,1008.47345,1008.008911,31.80940247,15,34.71843719,0,10.02810192,9.999938011,1150
1.13454E+11,969.1328125,60.13603973,969.2529297,963.2402954,958.5623169,961.1552734,968.5623169,0,969.4144287,969.1328125,38,11.15080929,19.84201622,0,10.00008678,10.0000782,1150
1.13455E+11,1162.380493,50.78240967,1162.578003,1148.989868,1152.381592,1153.385376,1162.381592,0,1162.856323,1162.380493,38,15,29.58311653,0,10.00011063,9.999739647,1150
1.13455E+11,1230.748901,57.89580536,1230.733398,1209.189453,1214.774536,1217.545288,1230.077271,0,1230.949341,1230.748901,38,13.11104965,19.93123436,0,9.999843597,9.999900818,1150
1.13455E+11,1104.304565,60.09141922,1104.626709,1111.09021,1102.544678,1102.61145,1104.279541,0,1104.818481,1104.304565,26.20643997,15,33.94020844,0,10.03108501,10.00038147,1150
1.13455E+11,1052.006226,56.98425293,1052.373291,1046.997314,1042.105347,1043.70813,1052.105347,0,1052.60498,1052.006226,38,13.97769451,19.9805603,0,9.999957085,10.00001335,1150
1.13455E+11,1127.713867,60.0475235,1128.119385,1117.98645,1117.88855,1119.745605,1127.88855,0,1128.442993,1127.713867,38,13.68279648,19.96920013,0,10.00013638,10.00027275,1150
1.13455E+11,993.2657471,60.0036087,993.4372559,981.1313477,982.8192139,984.5234375,992.8192139,0,993.6359863,993.2657471,38,15,23.78853989,0,10.00006485,10.00012112,1150
1.13456E+11,1364.587769,56.98081207,1364.834473,1376.085571,1362.348511,1362.415283,1365.444092,0,1365.115479,1364.587769,32.29853439,15,33.45464325,0,10.02561855,10.0004797,1150
1.13455E+11,1136.855713,50.79568481,1137.64624,1133.63916,1128.004761,1128.405396,1138.004761,0,1137.911377,1136.855713,38,14.346982,19.99220085,0,10.00005913,10.00017452,1150
1.13455E+11,1116.405762,56.95423889,1116.645264,1119.042358,1111.810669,1112.677246,1116.355713,0,1116.861572,1116.405762,23.76087189,15,32.85217285,0,10.02992821,10.00012589,1150
1.13455E+11,1126.658813,50.89076996,1126.999268,1115.259399,1116.939575,1118.585327,1126.939453,0,1127.306152,1126.658813,38,13.84797764,19.97385025,0,9.99971199,10.00005341,1150
1.13456E+11,1363.586914,56.93766785,1363.873291,1352.23999,1354.554688,1355.581177,1364.554688,0,1364.183472,1363.586914,38,14.95379829,20.0143261,0,9.999856949,9.999947548,1150
1.13455E+11,1127.830078,60.04721069,1128.252319,1118.12146,1118.014404,1119.928711,1128.014404,0,1128.599609,1127.830078,38,13.59359455,19.96702766,0,10.00000572,10.00028038,1150
1.13455E+11,1103.743042,60.09108734,1104.047119,1111.094116,1101.729004,1101.849854,1103.684937,0,1104.232178,1103.743042,27.4774971,15,33.70455933,0,10.0277977,9.999884605,1150
1.13456E+11,1459.856079,57.57216644,1459.279419,1451.877808,1458.068481,1457.312988,1455.901001,1458.068481,1459.730591,1459.856079,38,15,35,21.98836327,9.999836922,9.9998703,1150
1.13455E+11,1043.252563,50.79532623,1043.468628,1036.255371,1033.192749,1034.158203,1043.192749,0,1043.703003,1043.252563,38,15,26.90454102,0,9.999972343,10.0001297,1150
1.13456E+11,1467.367554,57.57762909,1467.426758,1461.701538,1465.860596,1465.962524,1464.744629,1465.860596,1467.257935,1467.367554,38,11.01039886,29.03656006,19.72822571,9.999744415,9.99958992,1150
1.13455E+11,1520.850342,58.58588409,1520.318359,1525.911255,1519.062988,1519.103027,1517.447754,1519.062988,1520.567261,1520.850342,38,11.98621178,32.53958893,19.82005882,10.00051308,10.00026608,1150
1.13456E+11,1327.025513,55.89403534,1327.128296,1312.391113,1317.642456,1319.11438,1327.642334,0,1327.449097,1327.025513,38,15,24.64999771,0,9.99960804,9.999552727,1150
1.13455E+11,1096.041138,50.79655075,1096.522705,1099.685303,1086.583862,1087.417725,1096.583862,0,1096.877441,1096.041138,38,15,22.01775932,0,10.0004282,9.999209404,1150
1.13455E+11,1096.313354,50.79637146,1096.791016,1100.453125,1086.888428,1087.552734,1096.888428,0,1097.041382,1096.313354,38,15,21.1038475,0,9.999889374,10.0001421,1150
1.13455E+11,1232.910889,57.98210907,1233.172241,1219.572388,1222.917725,1224.281494,1232.917725,0,1233.37146,1232.910889,38,14.85613823,20.00817299,0,9.999988556,10.00017166,1150
1.13455E+11,1725.34082,57.56381226,1724.958008,1733.484497,1724.918091,1725.158813,1723.574219,1724.918091,1725.20459,1725.34082,38,11.64962292,32.2857933,19.81762695,10.00003719,9.999887466,1150
1.13456E+11,1156.549683,56.92950439,1156.610962,1145.687744,1146.832031,1148.012329,1156.832153,0,1156.86377,1156.549683,38,15,23.1888237,0,9.999821663,9.999974251,1150
1.13455E+11,1509.636108,57.57391357,1509.102051,1512.617798,1507.910522,1507.977783,1506.296021,1507.910522,1509.329102,1509.636108,38,11.81066036,32.40293503,19.80820274,9.999974251,9.999958038,1150
1.13455E+11,1126.236938,50.89103317,1126.476563,1113.802124,1116.290283,1117.611694,1126.290283,0,1126.788574,1126.236938,38,14.74755383,20.00698471,0,9.999753952,10.00014496,1150
1.13455E+11,1012.532959,56.8290596,1012.933716,1001.984009,1002.653931,1004.923401,1012.65387,0,1013.186401,1012.532959,38,15,28.25753593,0,10.0000515,10.00004292,1150
1.13455E+11,1241.198608,56.92484283,1240.979492,1226.526978,1230.999023,1232.735352,1240.999023,0,1241.250366,1241.198608,38,15,27.17792892,0,10.0001812,10.00040245,1150
1.13455E+11,1043.84668,50.79021454,1044.279907,1039.497314,1034.281982,1034.94397,1044.281982,0,1044.516113,1043.84668,38,15,22.12040901,0,9.999986649,10.00028992,1150
1.13455E+11,1095.652222,50.7963295,1096.187378,1100.121338,1086.3125,1086.882813,1096.312622,0,1096.435913,1095.652222,38,15,20.47649384,0,10.00065517,9.999892235,1150
1.13455E+11,1261.459839,56.93395996,1261.224243,1247.70459,1251.248291,1252.936157,1261.248291,0,1261.485596,1261.459839,38,15,26.6488533,0,10.00018597,9.999351501,1150
1.13456E+11,1219.279297,56.90995026,1219.143799,1204.264526,1209.214844,1210.946899,1219.214844,0,1219.389282,1219.279297,38,15,27.42531967,0,10.00040722,9.999925613,1150
1.13456E+11,1538.577637,57.57146454,1538.230225,1532.653931,1537.379883,1537.931152,1536.084595,1537.379883,1538.632935,1538.577637,38,10.72827244,31.55926895,19.72389793,9.999868393,10.00026798,1150
1.13455E+11,976.9384155,57.99668121,977.270813,970.0383911,967.022522,968.4561768,977.022522,0,977.5247803,976.9384155,38,14.29244041,19.99326324,0,9.999851227,10.00001907,1150
1.13455E+11,1089.314697,56.88646698,1089.669556,1075.784546,1080.299194,1081.337891,1090.299194,0,1089.983032,1089.314697,38,15,22.69066238,0,10.00042248,10.00012207,1150
1.13455E+11,1740.652832,58.58674622,1740.437256,1750.459473,1740.706421,1741.151367,1740.599487,1740.706421,1740.887207,1740.652832,38,10.0428009,25.95755959,19.66646385,10.00020695,10.00043774,1150
1.13455E+11,1240.958008,56.92517471,1240.766113,1226.308105,1230.792114,1232.536743,1240.792114,0,1241.061646,1240.958008,38,15,27.10928535,0,10.00030231,9.999707222,1150
1.13455E+11,1727.546631,57.56375885,1727.304565,1736.653442,1727.485718,1728.122681,1726.431396,1727.485718,1727.75415,1727.546631,38,10.81733513,31.61174774,19.74797821,9.999657631,9.9998703,1150
1.13456E+11,1158.283813,56.92909241,1158.334717,1147.375,1148.523926,1149.76123,1158.523926,0,1158.597778,1158.283813,38,15,23.68110466,0,10.00021076,10.00013161,1150
1.13455E+11,1328.17688,56.9180603,1328.341309,1314.121338,1318.883179,1320.113892,1328.883179,0,1328.624634,1328.17688,38,15,22.51601982,0,10.00024509,9.999832153,1150
1.13455E+11,1727.042969,57.56377411,1726.626465,1734.380249,1726.444214,1726.458374,1724.982178,1726.444214,1726.905029,1727.042969,38,12.55317116,33.00382996,19.87826538,9.99951458,10.00037956,1150
1.13456E+11,1302.48291,56.90774918,1302.582031,1286.990112,1292.973511,1294.361694,1302.973511,0,1302.838013,1302.48291,38,15,24.10673714,0,10.00010014,10.00004101,1150
1.13456E+11,1263.682251,56.93475342,1263.46106,1250.543823,1253.459106,1255.073853,1263.459106,0,1263.694702,1263.682251,38,15,26.14221764,0,10.00016022,9.999711037,1150
1.13455E+11,1009.6203,56.82875824,1010.080566,999.4459229,999.8430786,1001.966675,1009.843079,0,1010.326782,1009.6203,38,15,27.17841721,0,9.999835968,9.999696732,1150
1.13455E+11,1752.495483,58.57777405,1752.190063,1766.72168,1752.269287,1752.89856,1751.353149,1752.269165,1752.492676,1752.495483,38,10.49175262,31.11284065,19.71331406,10.00031376,10.00006104,1150
1.13455E+11,1727.358643,57.56387329,1727.098511,1736.468872,1727.288818,1727.826416,1726.122314,1727.288818,1727.538696,1727.358643,38,11.06346989,31.8107338,19.77100372,10.00000191,10.00040245,1150
1.13456E+11,1408.04187,56.87504578,1407.855957,1381.468262,1392.164063,1396.141479,1407.367432,0,1408.236206,1408.04187,38,12.17859554,19.88589096,0,9.99987793,10.00025368,1150
1.13456E+11,1155.395508,56.88173676,1155.781616,1142.924072,1145.63562,1146.838745,1155.63562,0,1156.126831,1155.395508,38,15,25.77582359,0,9.999740601,10.00011063,1150
1.13456E+11,1189.279053,52.85036469,1189.415527,1181.266724,1179.874512,1181.10376,1189.874512,0,1189.697754,1189.279053,38,15,24.06635094,0,10.00029564,10.00033188,1150
1.13455E+11,1205.606812,56.92139053,1205.916016,1194.040771,1195.877686,1197.300659,1205.877686,0,1206.265381,1205.606812,38,15,22.33122635,0,9.9997015,10.00023651,1150
1.13455E+11,1731.229614,57.56374359,1730.698364,1737.426392,1730.352539,1729.664185,1728.465576,1730.352539,1730.968994,1731.229614,38,15,35,20.99711418,10.00002193,9.99942112,1150
1.13455E+11,1728.153809,57.56388474,1727.615356,1733.451172,1727.194092,1726.513184,1725.304565,1727.194092,1727.889282,1728.153809,38,15,35,20.99902344,10.00009823,9.999336243,1150
1.13455E+11,1839.281372,60.60036469,1839.175537,1850.52002,1839.601929,1840.005859,1838.499878,1839.601929,1839.549805,1839.281372,38,10.99768162,31.69686508,19.76004219,10.00000572,10.00015831,1150
1.13455E+11,1725.34082,57.56381226,1724.958008,1733.484497,1724.918091,1725.158813,1723.574219,1724.918091,1725.20459,1725.34082,38,11.64962292,32.2857933,19.81762695,10.00003719,9.999887466,1150
1.13455E+11,1740.652832,58.58674622,1740.437256,1750.459473,1740.706421,1741.151367,1740.599487,1740.706421,1740.887207,1740.652832,38,10.0428009,25.95755959,19.66646385,10.00020695,10.00043774,1150
1.13455E+11,1727.546631,57.56375885,1727.304565,1736.653442,1727.485718,1728.122681,1726.431396,1727.485718,1727.75415,1727.546631,38,10.81733513,31.61174774,19.74797821,9.999657631,9.9998703,1150
1.13455E+11,1727.042969,57.56377411,1726.626465,1734.380249,1726.444214,1726.458374,1724.982178,1726.444214,1726.905029,1727.042969,38,12.55317116,33.00382996,19.87826538,9.99951458,10.00037956,1150
1.13455E+11,1752.495483,58.57777405,1752.190063,1766.72168,1752.269287,1752.89856,1751.353149,1752.269165,1752.492676,1752.495483,38,10.49175262,31.11284065,19.71331406,10.00031376,10.00006104,1150
1.13455E+11,1727.358643,57.56387329,1727.098511,1736.468872,1727.288818,1727.826416,1726.122314,1727.288818,1727.538696,1727.358643,38,11.06346989,31.8107338,19.77100372,10.00000191,10.00040245,1150
1.13456E+11,1809.912598,58.58777618,1795.458496,1823.454712,1809.297607,1809.685181,1808.569824,1809.297607,1809.726318,1809.912598,38,10.36962223,27.70013428,19.66990471,10.00059891,10.00062943,1150
1.13456E+11,1740.612793,58.58800507,1740.359985,1740.346191,1740.559448,1740.78894,1740.479736,1740.559448,1740.775269,1740.612793,38,9.962323189,22.74686241,19.66094398,9.999864578,9.999849319,1150
1.13456E+11,1808.763306,58.58778381,1808.47876,1822.151733,1808.310059,1808.826782,1807.719971,1808.309937,1808.746094,1808.763306,38,10.1146946,26.68385315,19.64249039,10.00048542,9.999247551,1150
1.13456E+11,1808.566528,58.58779144,1808.379639,1824.265991,1808.677002,1809.047241,1808.774902,1808.677002,1808.857056,1808.566528,38,9.651812553,22.15540314,19.62580681,9.999773979,9.99939537,1150
1.13456E+11,1740.68335,58.58799744,1740.380127,1740.279175,1740.548706,1740.736572,1740.458252,1740.548706,1740.684692,1740.68335,38,10.00775528,22.89069748,19.66650009,9.99977684,10.00013351,1150
1.13456E+11,1738.584595,58.58798218,1738.2052,1736.098022,1738.104736,1738.339111,1737.614746,1738.104736,1738.500488,1738.584595,38,10.31047344,25.27490044,19.6818924,9.999630928,9.998970032,1150
1.13456E+11,1730.502808,57.87008286,1730.765015,1728.244507,1721.797729,1724.008789,1731.797852,0,1731.20874,1730.502808,38,15,25.79641914,0,10.00022602,10.00004959,1150
1.13456E+11,1707.897949,58.57666779,1693.659424,1713.018555,1707.978882,1708.117065,1706.295044,1707.978882,1708.291626,1707.897949,38,12.46049786,32.91213226,19.87088203,10.00031471,10.00075531,1150
1.13456E+11,1708.053223,58.57668304,1693.789307,1713.157959,1708.06665,1708.123047,1706.330566,1708.06665,1708.408081,1708.053223,38,12.66070843,33.07561493,19.88422775,9.999941826,10.00016117,1150
1.13457E+11,1750.134888,58.57901001,1735.718994,1766.366333,1754.055298,1753.531738,1751.084717,1749.818481,1750.044189,1750.134888,30,15,35,26.95595551,10.00017262,10.00114441,1150
1.13456E+11,1741.343262,58.58799744,1741.008179,1740.966309,1741.082397,1741.233643,1740.912598,1741.08252,1741.285156,1741.343262,38,10.11231709,23.24325752,19.67791367,9.999634743,10.00016594,1150
1.1346E+11,1730.174927,57.56088257,1729.819824,1737.328613,1729.938599,1729.709839,1729.046753,1729.938599,1730.403076,1730.174927,38,15,35,26.16369629,9.999904633,10.00000763,1150
1.13456E+11,1807.790161,58.58776855,1807.610962,1822.567261,1808.019043,1808.511597,1807.821411,1808.019043,1808.178833,1807.790161,38,9.782402039,23.78814316,19.62069511,10.00056553,10.00066853,1150
1.13456E+11,1809.365967,58.58777618,1795.135986,1825.449097,1809.48877,1809.853271,1809.570557,1809.48877,1809.655518,1809.365967,37.97899246,9.671586037,22.1819706,19.62619019,9.999515533,10.00050449,1150
1.13458E+11,1733.193359,60.10006714,1718.890625,1726.451416,1723.343994,1723.527466,1734.000244,0,1733.881958,1733.193359,17.69214249,15,11.38548374,0,10.04002857,9.999819756,1150
1.13458E+11,1733.327271,60.09977722,1718.945557,1726.525391,1723.331299,1723.685303,1733.783203,0,1733.664429,1733.327271,17.84150124,15,13.19286823,0,10.03419209,10.00002193,1150
1.13457E+11,1750.575073,58.57898712,1735.358887,1766.249878,1754.12915,1753.726685,1750.792114,1750.573975,1750.721802,1750.575073,30,15,35,22.98581696,9.999956131,9.999907494,1150
1.13457E+11,1734.620972,58.57901001,1734.591553,1749.142944,1735.264404,1736.580688,1735.170044,1735.264404,1735.153809,1734.620972,38,10.35622025,28.22087097,19.71790886,9.999944687,9.999345779,1150
1.13459E+11,1846.823975,66.66091919,1831.141357,1846.897217,1844.465698,1844.216064,1843.929077,1844.465698,1845.317871,1846.823975,38,15,35,29.97060776,10.00064278,9.999331474,1150
1.13459E+11,1854.994995,62.62857437,1836.471191,1841.604126,1843.288086,1845.03894,1848.616211,1853.288086,1854.505859,1854.994995,38,12.72903824,32.86297226,19.71452713,10.00051498,9.999368668,1150
1.13457E+11,1750.327515,58.57899857,1750.194092,1766.458496,1754.327637,1753.910767,1750.93042,1750.64502,1750.805054,1750.327515,30,15,35,22.98709869,9.999956131,10.00004005,1150
1.1346E+11,1731.807739,57.56085587,1717.228882,1738.720459,1731.405396,1731.290039,1730.981079,1731.405396,1731.934814,1731.807739,38,15,35,28.79292488,10.00008583,9.999698639,1150
1.13458E+11,1844.304932,57.55003357,1844.134644,1857.372559,1844.325317,1845.18689,1843.671753,1844.325317,1844.504272,1844.304932,38,12.21092033,32.69233322,19.87168503,9.999885559,9.999206543,1150
T-3459103025,1845.223633,66.64635468,1846.048706,1847.61084,1844.259277,1844.277588,1842.947388,1844.259277,1844.917725,1845.223633,38,12.36343765,32.69718552,19.7868557,9.999957085,10.0001297,1150
1.13457E+11,1708.261719,57.56285858,1694.013672,1714.992676,1708.401245,1709.31311,1707.372437,1708.401245,1708.620361,1708.261719,38,12.34710407,32.81789398,19.86879349,9.999522209,9.999849319,1150
1.13457E+11,1704.661133,58.57656097,1690.378784,1710.389404,1704.667358,1705.642456,1703.726196,1704.667358,1704.941406,1704.661133,38,12.05949974,32.58361435,19.84640121,10.00002384,9.999674797,1150
1.13457E+11,1708.356812,57.56292725,1708.16626,1715.111694,1708.492554,1709.399658,1707.454102,1708.492554,1708.707153,1708.356812,38,12.35879326,32.82723236,19.87120819,10.00000286,9.999705315,1150
1.13457E+11,1746.731323,58.57899857,1732.513916,1763.05603,1747.133301,1748.399414,1746.426147,1747.133301,1747.216187,1746.731323,38,11.20527267,31.85105133,19.77861786,9.999962807,9.999842644,1150
1.13457E+11,1708.997437,57.56292725,1694.697754,1715.131714,1708.894897,1709.555664,1707.702759,1708.894897,1709.258057,1708.997437,38,13.07811832,33.41379929,19.91555595,10.00013733,10.0001564,1150
1.13457E+11,1734.398804,58.57902908,1734.38916,1749.042114,1735.150757,1736.463135,1735.008667,1735.150757,1734.978271,1734.398804,38,10.39776611,28.2380867,19.7233696,9.999764442,10.00011921,1150
1.13457E+11,1718.695313,58.57713318,1704.405518,1728.226929,1718.85022,1719.863159,1717.928223,1718.85022,1719.068115,1718.695313,38,11.97322178,32.50917053,19.83927917,9.999454498,9.999502182,1150
1.13459E+11,1846.722656,66.66090393,1831.161377,1849.092407,1844.632935,1844.015015,1842.824341,1844.632935,1845.331787,1846.722656,38,15,35,22.31649208,10.0002346,10.00039864,1150
1.13457E+11,1707.196045,58.57674026,1707.06543,1714.197876,1707.497681,1708.595337,1706.601685,1707.497681,1707.638916,1707.196045,38,11.78216553,32.35178375,19.82383919,10.00016689,10.00078106,1150
1.13459E+11,1847.433472,65.65338898,1831.631226,1833.954956,1836.197266,1837.982666,1841.444824,1845.108765,1845.990723,1847.433472,38,10.47025108,23.79895592,19.31904793,9.999715805,9.999697685,1150
1.13459E+11,1846.737671,66.66091156,1832.638794,1836.800049,1837.544678,1838.953857,1840.680908,1844.010742,1844.813232,1846.737671,38,10.99869919,28.54922676,19.50513458,10.00041103,9.999919891,1150
1.13459E+11,1853.917725,62.62779236,1853.787109,1842.120361,1842.337402,1844.464233,1848.383301,1852.337402,1853.220703,1853.917725,38,10.08657932,23.68595505,19.16294289,10.00006104,9.999404907,1150
1.13459E+11,1855.369507,62.62857819,1836.901367,1842.076416,1843.673462,1845.488647,1849.077881,1853.673462,1854.883423,1855.369507,38,12.49880695,32.64755249,19.67093849,9.999886513,9.99971199,1150
1.1346E+11,1728.46875,57.56085968,1728.156738,1736.271362,1728.312744,1727.864868,1726.733521,1728.312744,1728.72168,1728.46875,38,15,35,22.64520836,9.999376297,9.999393463,1150
1.1346E+11,1848.179321,66.6608963,1832.445557,1842.314209,1840.331665,1841.555054,1842.724731,1845.854858,1846.66687,1848.179321,38,11.15283298,30.23303795,19.54044342,9.999588013,10.00015926,1150
1.13459E+11,1844.401245,66.66087341,1843.920288,1850.230835,1842.498657,1842.771484,1841.354248,1842.498657,1842.851196,1844.401245,38,11.05412865,29.70278168,19.70204735,9.999952316,10.00046349,1150
1.1346E+11,1846.641846,65.65339661,1831.600098,1849.519897,1844.832642,1844.386719,1843.737549,1844.832642,1845.576416,1846.641846,38,15,35,25.91833687,9.999337196,10.00009823,1150
T-3459103826,1843.986328,62.62092972,1845.175537,1851.381226,1843.780762,1844.042969,1844.415161,1843.780762,1843.958252,1843.986328,38,9.441906929,19.71675873,19.59589577,10.00007439,9.999595642,1150
T-3459300627,1846.316895,65.64073944,1847.290527,1851.952148,1845.69043,1846.042114,1845.421265,1845.69043,1846.142578,1846.316895,38,10.23787975,25.67855072,19.59372139,9.999801636,9.99937439,1150
1.13459E+11,1845.094482,65.65338898,1829.90625,1832.235352,1834.380249,1835.997681,1839.212891,1842.867798,1843.830444,1845.094482,38,10.73836327,24.71465683,19.41831779,9.999485016,10.00025177,1150
1.13459E+11,1846.401978,66.66086578,1832.393799,1847.108154,1843.896484,1843.48291,1842.588135,1843.896484,1844.581421,1846.401978,38,15,35,25.25615692,10.00012493,10.00000286,1150
1.1346E+11,1706.870361,58.57381439,1706.507813,1708.087891,1706.594604,1706.346558,1705.693237,1706.594604,1707.079712,1706.870361,38,15,35,26.21975136,9.999832153,9.999885559,1150
1.13459E+11,1745.338257,58.57904053,1730.949463,1760.943115,1745.210327,1746.207886,1744.414795,1745.210327,1745.317871,1745.338257,38,11.46355057,32.07823944,19.79998589,9.999611855,10.0001545,1150
1.1346E+11,1847.64856,62.62776947,1830.93042,1837.449341,1837.143555,1838.984375,1842.483154,1846.213257,1847.028687,1847.64856,38,10.32737064,24.02474594,19.28772163,10.00018406,10.00026226,1150
1.1346E+11,1730.471191,57.56082153,1715.927368,1737.044434,1730.099243,1729.979736,1729.641968,1730.099243,1730.619995,1730.471191,38,15,35,28.59127045,9.999949455,9.999567986,1150
1.13459E+11,1844.383301,66.66090393,1844.355713,1850.646118,1842.837524,1843.042236,1841.591553,1842.837524,1843.235229,1844.383301,38,11.2155447,30.19114876,19.71753883,9.999481201,10.00019836,1150
1.13459E+11,1844.842163,65.65341949,1828.951294,1830.853271,1833.737915,1835.490479,1838.849976,1842.5177,1843.389526,1844.842163,38,10.53564072,24.07989693,19.34585571,10.00000095,9.999742508,1150
1.13459E+11,1846.620361,66.66087341,1832.611328,1846.801636,1844.076538,1843.756958,1843.077148,1844.076538,1844.786133,1846.620361,38,15,35,27.15926743,9.999697685,9.999746323,1150
1.13459E+11,1853.962891,62.62778473,1837.196289,1841.180908,1842.147461,1844.280518,1847.882813,1852.147461,1853.148315,1853.962891,38,10.41383457,26.47152138,19.22773933,10.00004101,10.00050735,1150
1.13459E+11,1844.335571,66.66087341,1843.772339,1848.493896,1842.252197,1842.368408,1840.67334,1842.252197,1842.706665,1844.335571,38,12.04781628,32.47399902,19.78936195,10.00029373,10.00003338,1150
1.13462E+11,1844.133301,62.62761307,1844.344849,1852.0271,1843.832886,1844.067627,1842.657837,1843.832886,1844.190796,1844.133301,38,10.95872498,29.39569855,19.72798347,9.999582291,10.00052929,1150
1.1346E+11,1731.549683,57.56087494,1716.931396,1731.062866,1725.874756,1727.242798,1728.036133,1731.174805,1731.71582,1731.549683,38,11.76628685,32.25522232,19.74961281,9.999821663,10.00014877,1150
1.13459E+11,1844.743652,65.65338898,1829.048828,1833.20459,1835.035889,1836.620483,1839.016968,1842.502197,1843.32312,1844.743652,38,10.75523376,26.81357002,19.43218994,10.00057888,10.00004101,1150
1.13459E+11,1850.890137,65.65338898,1835.153809,1840.750732,1840.634644,1842.229614,1844.918091,1848.398315,1849.322388,1850.890137,38,10.7037735,26.33376884,19.42124367,10.00015545,10.00014782,1150
1.1346E+11,1755.525757,58.57408524,1755.272827,1771.304688,1755.394165,1755.940308,1754.331299,1755.394165,1755.610718,1755.525757,38,10.8268652,31.58782959,19.75109482,10.0002327,10.00013542,1150
1.13459E+11,1844.46814,66.66085052,1843.831665,1847.269897,1842.220337,1841.875122,1840.275879,1842.220337,1842.755981,1844.46814,38,13.69704056,33.87282181,19.92859268,10.00042534,9.999926567,1150
1.1346E+11,1729.203613,57.56086731,1728.882813,1737.153931,1729.020508,1728.569824,1727.451294,1729.020508,1729.435059,1729.203613,38,15,35,22.70832634,9.999948502,9.999403,1150
1.13462E+11,1844.80249,62.62760925,1845.071289,1853.498413,1844.555908,1844.749268,1843.609253,1844.555908,1844.904785,1844.80249,38,10.78904819,27.94104576,19.72061539,9.999095917,10.00036049,1150
T-3459300828,1843.521362,62.62092972,1844.563721,1839.994629,1842.546997,1842.413208,1841.707642,1842.546997,1843.412476,1843.521362,38,15,35,26.51383018,9.999731064,9.999754906,1150
1.13459E+11,1853.17749,62.62782288,1853.099487,1842.799316,1842.351074,1844.346069,1847.956299,1851.704712,1852.545776,1853.17749,38,10.12961483,23.80307961,19.23056412,10.00003529,9.999910355,1150
1.13459E+11,1854.903198,62.6277771,1838.011353,1841.901001,1843.191895,1845.400757,1848.827759,1853.191895,1854.160522,1854.903198,38,10.41063595,27.49394035,19.18657684,9.999574661,9.999577522,1150
1.13459E+11,1853.192505,62.62779999,1853.153687,1844.242065,1843.180542,1845.067139,1848.139893,1851.78833,1852.589966,1853.192505,38,10.27342129,25.35140038,19.30250549,9.999646187,10.00014496,1150
1.13459E+11,1852.422607,62.62778091,1835.538818,1837.92627,1840.587402,1842.781494,1845.768188,1850.587402,1851.616821,1852.422607,38,10.92293072,30.6955719,19.29758835,9.999822617,10.00030231,1150
1.13459E+11,1854.969238,62.62857056,1836.528809,1841.593384,1843.323242,1845.150757,1848.744263,1853.323242,1854.523926,1854.969238,38,12.48199081,32.63188171,19.6687603,9.99955368,9.999849319,1150
1.13459E+11,1853.706543,62.62781525,1853.584106,1844.132935,1843.015137,1844.925171,1848.372925,1852.078247,1852.9646,1853.706543,38,10.2464962,24.49789238,19.29431725,10.00037289,10.00003529,1150
1.13459E+11,1855.417969,62.62857056,1836.976318,1842.281006,1843.710571,1845.485352,1849.015259,1853.710571,1854.921753,1855.417969,38,12.57669163,32.72644043,19.68676186,10.00008678,9.999572754,1150
1.13459E+11,1853.115479,62.62778854,1836.38623,1842.04834,1841.89502,1843.963745,1847.850952,1851.62915,1852.468384,1853.115479,38,10.01552963,23.0625,19.175457,9.999819756,10.00015926,1150
1.1346E+11,1845.968872,62.62756348,1846.92395,1857.519287,1846.123779,1846.276855,1845.9646,1846.123779,1846.136353,1845.968872,38,10.13662052,23.38244438,19.68569756,10.00012589,9.999983788,1150
1.1346E+11,1851.845825,66.66085815,1836.108154,1848.101196,1844.703247,1845.910278,1846.666382,1849.715332,1850.440186,1851.845825,38,11.16860676,31.18467331,19.54979324,10.00013447,10.00010204,1150
1.13462E+11,1847.547974,62.62731934,1848.461304,1859.721924,1847.510864,1847.648438,1847.018799,1847.510864,1847.748901,1847.547974,38,10.44709587,25.11879921,19.70534134,9.999946594,9.999263763,1150
1.1346E+11,1728.60083,57.56085968,1728.305786,1736.484985,1728.495483,1728.043213,1726.858276,1728.495483,1728.887695,1728.60083,38,15,35,22.28908539,9.999725342,10.00029278,1150
1.1346E+11,1706.978271,58.57372665,1692.402344,1708.087158,1706.609375,1706.35498,1705.751099,1706.609497,1707.133423,1706.978271,38,15,35,26.40524483,10.00006962,10.00090408,1150
1.1346E+11,1725.838013,57.56057739,1711.184082,1721.806274,1718.94519,1720.688721,1721.94751,1725.33606,1725.929443,1725.838013,38,11.05179882,31.63849068,19.63901901,10.00003242,10.00020218,1150
1.1346E+11,1726.519531,57.56059647,1711.833984,1721.001221,1718.670044,1720.740723,1722.377319,1725.933594,1726.566895,1726.519531,38,10.43689632,31.10270882,19.51482582,9.999708176,10.00042152,1150
1.1346E+11,1853.174072,65.65338898,1837.637207,1858.648315,1851.390991,1850.744507,1849.466797,1851.390991,1851.958984,1853.174072,38,15,35,20.8604126,9.999964714,10.00011158,1150
1.1346E+11,1844.90686,62.62761307,1845.998169,1857.446289,1845.389771,1845.435059,1845.533081,1845.389771,1845.172852,1844.90686,38,9.97295475,21.05505371,19.68774796,10.00019264,9.999488831,1150
1.1346E+11,1846.13562,65.65341187,1831.107666,1848.892456,1844.375,1843.923462,1843.236694,1844.375,1845.10022,1846.13562,38,15,35,25.55455399,10.000144,10.00027847,1150
1.1346E+11,1851.69812,66.66096497,1835.972778,1847.191162,1843.900879,1845.267578,1846.434937,1849.508667,1850.247192,1851.69812,38,10.92214775,30.38819122,19.49495506,9.999385834,10.00000668,1150
1.1346E+11,1847.927124,66.66088867,1847.62146,1849.654053,1845.78125,1845.524902,1845.186035,1845.781128,1846.514038,1847.927124,38,15,35,29.45556068,10.00016022,9.999713898,1150
1.13462E+11,1842.830933,62.62757111,1843.947632,1855.095581,1843.253174,1843.242676,1843.393433,1843.253174,1843.078857,1842.830933,38,10.03220081,21.19243431,19.69784355,9.999354362,9.999764442,1150
1.1346E+11,1850.424927,62.62779236,1833.917236,1856.291016,1849.389648,1848.932739,1848.036743,1849.389648,1849.964233,1850.424927,38,15,35,25.05042076,10.00046539,10.0001812,1150
1.1346E+11,1844.665161,62.62757874,1834.171997,1855.908813,1844.813232,1844.947632,1844.639893,1844.813232,1844.815063,1844.665161,38,10.16597557,23.34091187,19.69021606,9.999639511,9.999968529,1150
1.13461E+11,1701.819092,57.55656052,1687.298096,1701.332886,1701.574585,1701.244995,1700.385132,1701.574585,1702.042603,1701.819092,38,15,35,25.60269928,10.00005341,10.00008774,1150
1.1346E+11,1847.676392,62.62779236,1830.94043,1836.979614,1836.716919,1838.552246,1842.343384,1846.195923,1847.009155,1847.676392,38,10.39993382,23.06746101,19.30654716,9.999861717,9.999340057,1150
1.1346E+11,1848.461426,65.65335083,1848.204956,1851.330322,1846.465454,1846.095825,1845.444458,1846.465454,1847.112549,1848.461426,38,15,35,26.73769569,10.00050354,10.00060749,1150
1.1346E+11,1850.243774,65.65341187,1835.252075,1854.802734,1848.570435,1847.992432,1847.004883,1848.570435,1849.248901,1850.243774,38,15,35,22.9130764,10.00011921,9.999335289,1150
1.1346E+11,1850.451538,65.65339661,1834.869873,1854.263184,1848.463745,1847.984253,1847.160034,1848.463745,1849.130859,1850.451538,38,15,35,24.69023895,9.999958038,10.00012684,1150
